"id","visibility","kind","difficulty","author","link"
"1","private","シャカシャカ","4","locker","https://puzz.link/p?shakashaka/7/7/zmbgbgbq"
"2","private","へやわけ","4","fkfk","https://puzz.link/p?heyawake/20/20/j92h6i52dka4r8k9kh8j9456ia2skk5p98biig9950iia154k2a98gkih195aamaklch9ao42lg8e000uv0f0300070000vv003vfv000030000vvvvv0000o00000svvv00003uv700003o0ovv0000111118331332h3g461h61g1212h31333g25424g2i333g22g3"
"3","private","スリザーリンク","4","kaito1099511627776","https://puzz.link/p?slither/21/20/765c55dl767cjbh2d77776c1c6ccg826761178b7667biba67666bic176766b886b76721bhcg2117777bg1616b612b2186262bhdgbp68b816ah122bgbg6ai3727c38dhai7b1cg68a172dgbg3d1d36cgagdh57b565768b88277bj685bi1bh56bha851ca"
"4","private","美術館","3","stranger_86952","https://puzz.link/p?akari/20/20/zjcjbi.hchbhbh.icjcibgbzkdbg.ocscq.zmbg6blctamazgatahaibh.garbj5azgaibbzgahamckajckb"
"5","private","シャカシャカ","4","y888","https://puzz.link/p?shakashaka/20/20/biazcqdlbgbibzbzudhbmcchci8czczicycciej.ociezzg.hcbgbezeq.rct.m.jdhb"
"6","private","シャカシャカ","3","Kei","https://puzz.link/p?shakashaka/29/29/.idhbh.h.i.jct.n.ycr.p2.....aiblai..........at0..c...h....j.n...j..ah1..q...k...k..cg.l..gbh...j.g1.o2.i.5.....g..i.ahbg0.i..........bg..m..k.........k.aj0.j...........j..l....1..................i0.1.........................bg.......................l..j...........j..i.h..k.........k.bk..i..........bg..h.i.g1.i..g.....g.ag..o..gch..bh.g.bjcg2..k...k...q...j...j..ch.gc.i1...h...h....v........0.ahcj.n......anbialbzdi.k.h.kah.nagck5."
"7","public","シャカシャカ","2","ぷろぱん","https://puzz.link/p?shakashaka/10/10/czpeb.zibc.zi.h.h.",
"8","public","シャカシャカ","2","Kei","https://puzz.link/p?shakashaka/7/7/gbo.qbg.t..i",
"9","public","シャカシャカ","4","astate","https://puzz.link/p?shakashaka/44/12/.h.v.i.i.m.k.iccjcg.vcjdo.rcgczzldhccg7.k.icj8.hczhbmbqclcg.zidobzznd.jbgbi.ibocjci.rcmdbmczkczpbkdo.g.h..h.hdh",
"10","public","シャカシャカ","4","stranger_86952","https://puzz.link/p?shakashaka/10/10/lczjbgbbzrdhbr.j",
"11","public","シャカシャカ","2","astate","https://puzz.link/p?shakashaka/9/7/.lbicidk.tdicibkb",
"12","public","シャカシャカ","2","ぷろぱん","https://puzz.link/p?shakashaka/10/10/hchbrbhckeleictbkerbgdh.",
"13","public","シャカシャカ","2","ぷろぱん","https://puzz.link/p?shakashaka/10/10/mczibqbsesdh.kchch",
"14","public","シャカシャカ","4","stranger_86952","https://puzz.link/p?shakashaka/11/11/jbq.tarcczg.mbu.xb",
"15","public","シャカシャカ","4","y888","https://puzz.link/p?shakashaka/10/10/blbtbhdgdzjdcgcudicj",
"16","public","シャカシャカ","4","stranger_86952","https://puzz.link/p?shakashaka/11/11/bjbvbzkbbezn.jbr.hbj",
"17","public","シャカシャカ","3","Kei","https://puzz.link/p?shakashaka/9/9/o.i.i.w.hcgc.w.i.i.o",
"18","public","シャカシャカ","3","IrOiRo","https://puzz.link/p?shakashaka/10/10/zrbhatcw.jbncgab",
"19","public","シャカシャカ","2","IrOiRo","https://puzz.link/p?shakashaka/6/6/.g..n.j.q.gch",
"20","public","シャカシャカ","2","fkfk","https://puzz.link/p?shakashaka/7/7/gbgbvbzg.",
"21","public","シャカシャカ","3","fkfk","https://puzz.link/p?shakashaka/10/10/kb6.n.sbbgbvbgbbz.g.hbi",
"22","public","シャカシャカ","3","fkfk","https://puzz.link/p?shakashaka/10/10/g.hc.zt67bbxb.h.hcx",
"23","public","シャカシャカ","4","kaito1099511627776","https://puzz.link/p?shakashaka/10/10/icscpdbzjbjbicr.gbjb",
"24","public","シャカシャカ","3","fkfk","https://puzz.link/p?shakashaka/10/10/bchczhcb2ch.wcczg.h.hcb",
"25","public","シャカシャカ","2","fkfk","https://puzz.link/p?shakashaka/8/9/b.ibn.h.l.h.p.h.lcqchb",
"26","public","シャカシャカ","3","y888","https://puzz.link/p?shakashaka/10/10/ibgc.zn1bhdlbsclbpbk",
"27","public","シャカシャカ","3","ぷろぱん","https://puzz.link/p?shakashaka/10/10/gbu.rebqbsbjek.n.p",
"28","public","シャカシャカ","4","kaito1099511627776","https://puzz.link/p?shakashaka/10/10/ct.ybgdgdzg..tdg.gcl",
"29","public","シャカシャカ","3","kaito1099511627776","https://puzz.link/p?shakashaka/11/11/g.h..av.tc.hcl.p.i.2b.gbnbjcv...j",
"30","public","スリザーリンク","4","ぷろぱん","https://puzz.link/p?slither/10/10/b1d7bcgdg7cjcgah3bich022512ao63b07bh27d16bk",
"31","public","スリザーリンク","4","ぷろぱん","https://puzz.link/p?slither/10/10/h2d1712bj3b3d2b2b1c2b1c3b3c3b2c1b3c1b2b2b2d1b2cj2c",
"32","public","スリザーリンク","3","ぷろぱん","https://puzz.link/p?slither/10/10/0cc1c77c0c1336dhc28677c776b21d2808cg7dcdg3ci76781b",
"33","public","スリザーリンク","4","ぷろぱん","https://puzz.link/p?slither/10/10/gci127cgcgc1336dhc72bg72bi6b7dg80dcck3bdgbgb731b",
"34","public","スリザーリンク","5","ぷろぱん","https://puzz.link/p?slither/10/10/j786bg782331chbh7dg21dg21bjch2880225docdgb62726b",
"35","public","スリザーリンク","5","ぷろぱん","https://puzz.link/p?slither/10/10/g2c628bg16b71ccg7ch322771dh3b36an2dd2dg17ch2683b1b",
"36","public","スリザーリンク","2","ぷろぱん","https://puzz.link/p?slither/10/10/h2bk3b311c1c131172acg723dp015bgd162131c3d323d1bk1a",
"37","public","スリザーリンク","2","ぷろぱん","https://puzz.link/p?slither/10/10/0c1b311d3d1c1b1bh1c1c3a3a312b2d2c1b0bh1b1c3a2c332d2b1b",
"38","public","スリザーリンク","2","ぷろぱん","https://puzz.link/p?slither/6/6/82131ci8261626ai13207b",
"39","public","スリザーリンク","2","ぷろぱん","https://puzz.link/p?slither/6/6/cg112cbg2ah0cgd221dgc",
"40","public","スリザーリンク","3","ぷろぱん","https://puzz.link/p?slither/7/7/d612bhcg8bk766327ak317d",
"41","public","スリザーリンク","4","ぷろぱん","https://puzz.link/p?slither/10/10/cg1d177bkch01b68chbi611728did71dg1ch61a2cg2cg6bh",
"42","public","スリザーリンク","3","y888","https://puzz.link/p?slither/10/10/g1bbbc1d01ddg8b8dg7c67d631dhbq3181018chbhadgd",
"43","public","スリザーリンク","3","stranger_86952","https://puzz.link/p?slither/10/10/d7didc83d6db2bbg2d787d2bgc1dcgbkd68dg73bidg",
"44","public","スリザーリンク","4","ぷろぱん","https://puzz.link/p?slither/10/10/b8dbg2dg2211bhdd25co1631cb2bi3bg27dg611ch1cgb12bd",
"45","public","スリザーリンク","4","y888","https://puzz.link/p?slither/10/10/idhaha3bg1bcg3aj0chbi63caka1d6bdi8bkdg2ag",
"46","public","スリザーリンク","3","fkfk","https://puzz.link/p?slither/10/10/3d727312713ci2bh7ci712cdh11cg0b81112dj62b3072cgc8c82c",
"47","public","スリザーリンク","5","ぷろぱん","https://puzz.link/p?slither/10/10/g81ccdci67c18dbg36cgdicdh82362551cm2872cgcb322b",
"48","public","スリザーリンク","3","IrOiRo","https://puzz.link/p?slither/9/9/gadg2d583cj71c8bgc1868aicj17132cgbb1ab",
"49","public","スリザーリンク","4","y888","https://puzz.link/p?slither/10/10/h36ajbhdb1dg36bh662536cbkdh31didj3251ddichdb",
"50","public","スリザーリンク","4","y888","https://puzz.link/p?slither/10/10/b861cgcgcgabgdbdh1ccgbb73dh0bg26dgbg32bh0bi3bg66a",
"51","public","スリザーリンク","3","locker","https://puzz.link/p?slither/10/10/dgbhdi12bg31732dg12612bg21di3bi13bg12622cg32813bg12bidhdgd",
"52","public","スリザーリンク","4","IrOiRo","https://puzz.link/p?slither/9/9/c1773d88cj6c02dg3cjab1076ccbg1d1213ab6b",
"53","public","スリザーリンク","2","IrOiRo","https://puzz.link/p?slither/7/7/g8126dk8b171cg161dg31bhci",
"54","public","スリザーリンク","1","ぷろぱん","https://puzz.link/p?slither/7/7/6385cgc88737adg81622123dh7b",
"55","public","スリザーリンク","2","ぷろぱん","https://puzz.link/p?slither/7/7/2227002227007chdg11b8bdh16381b",
"56","public","スリザーリンク","4","ぷろぱん","https://puzz.link/p?slither/10/10/dd12bk276877bg12cbg77768dhdh1cgci2cg102bhbc27123bb",
"57","public","スリザーリンク","4","ぷろぱん","https://puzz.link/p?slither/10/10/61268bh27cgdbh1bici7612232dg0cjdjb1b87bchcbgdgc",
"58","public","スリザーリンク","5","ぷろぱん","https://puzz.link/p?slither/10/10/j22766217711327ch27dh32ch3bh7bh8bg5dg33bk27862ch26b1d",
"59","public","スリザーリンク","4","ぷろぱん","https://puzz.link/p?slither/10/10/gdd2177cg2b1bdhbg6212dgcc168216c6681cg7cg12dgch73c17b",
"60","public","スリザーリンク","5","ぷろぱん","https://puzz.link/p?slither/20/20/g2cg2b666b16611dc2788dh1b3cn2317dj1d18311ch3182cgbj21bi77cb18121dgch62bmd1ddg71262213cl3377cgcg37c6dg727cbhcjbi8736ch2bg2dl2126bk1d077670218ccg837dchdicccb71c368631612chbj2dj132162dch7dgb1cg362c",
"61","public","ぬりかべ","3","y888","https://puzz.link/p?nurikabe/10/10/k4j6p2i2m2i3j.m1n2m2m2kak2l3k",
"62","public","ぬりかべ","5","IrOiRo","https://puzz.link/p?nurikabe/10/10/g3h6rar3g3t6h9zg5i1w9k",
"63","public","ぬりかべ","5","y888","https://puzz.link/p?nurikabe/10/10/m3zl7k4j4zi8g7zi5j",
"64","public","ぬりかべ","3","y888","https://puzz.link/p?nurikabe/8/8/k4j4n1i4n1j1j3r3i4j",
"65","public","ぬりかべ","4","Kei","https://puzz.link/p?nurikabe/10/10/h2m2l4g2l2zm5p3l5t8mbi.",
"66","public","ぬりかべ","3","Kei","https://puzz.link/p?nurikabe/10/10/1g2g3g4g5zzzzg9g9h7g8h",
"67","public","ぬりかべ","1","Kei","https://puzz.link/p?nurikabe/10/10/1l4m1j1g3n2g4i3g1l4g2t2n3p2l1g1l8",
"68","public","ぬりかべ","2","Kei","https://puzz.link/p?nurikabe/9/9/h2g2i13l1y4i18t4o5u",
"69","public","ぬりかべ","3","y888","https://puzz.link/p?nurikabe/10/10/5i3i2n4j3m5k3v2j4q3k3s1g5m",
"70","public","ぬりかべ","3","kaito1099511627776","https://puzz.link/p?nurikabe/10/10/k3w7s3m3n4m7s7q3q",
"71","public","ぬりかべ","3","Kei","https://puzz.link/p?nurikabe/10/10/j4g4hag2n2zz5m4i3v3g2g1g3h2",
"72","public","ぬりかべ","3","Kei","https://puzz.link/p?nurikabe/10/11/bgazx7w3g7zxbgam",
"73","public","ぬりかべ","3","y888","https://puzz.link/p?nurikabe/10/10/4g6j5u5h5r6g5r1zn8h2r6",
"74","public","ぬりかべ","3","IrOiRo","https://puzz.link/p?nurikabe/10/10/7g5g3g1p2zo5l3j5h3n2k3v4j2",
"75","public","ぬりかべ","3","Kei","https://puzz.link/p?nurikabe/10/10/h1i1h2g7g5g3g1zzzg3pfl5g1",
"76","public","ぬりかべ","1","y888","https://puzz.link/p?nurikabe/6/6/h4h5l3l2r2g1g",
"77","public","ぬりかべ","4","fkfk","https://puzz.link/p?nurikabe/8/9/2x3k2o3h5zo7gcg",
"78","public","ぬりかべ","3","fkfk","https://puzz.link/p?nurikabe/10/9/l.i3i4s2l5l3w3zj4g6g9",
"79","public","ぬりかべ","2","locker","https://puzz.link/p?nurikabe/8/8/n4r4h4zl4g4i4l",
"80","public","ぬりかべ","3","kaito1099511627776","https://puzz.link/p?nurikabe/10/10/bgbvbj5v5zzw7",
"81","public","ぬりかべ","2","ぷろぱん","https://puzz.link/p?nurikabe/9/9/p5g5y1s9g1zg5p",
"82","public","ぬりかべ","3","ぷろぱん","https://puzz.link/p?nurikabe/9/9/pdg7g7zs1zr",
"83","public","ののぐらむ","2","y888","https://puzz.link/p?nonogram/10/10/1111g222h212h14i241h33i23i32i12i12i32i113h312h122h112h222h32i32i32i111h",
"84","public","ののぐらむ","4","y888","https://puzz.link/p?nonogram/10/10/4j12i12i2j12i11i411h42i1111g1111g1111g1111g21i122h121h1121g2j2j13i211h",
"85","public","ののぐらむ","1","Kei","https://puzz.link/p?nonogram/10/10/aj11i311h111h33n11i21i12i11i4j11i11i11i4j1j41i1111g1111g431h",
"86","public","ののぐらむ","3","y888","https://puzz.link/p?nonogram/10/10/111h31i1111g122h33i32i1111g21i1121g222h12i132h13i111h31i122h122h131h123h121h",
"87","public","ののぐらむ","2","城スタジオ","https://puzz.link/p?nonogram/15/15/am44l331k22l11l11l22l331k44lam5u113s5m11l111k11111i111k11lam44l133k22l11l11l22l133k44lam",
"88","public","ののぐらむ","3","城スタジオ","https://puzz.link/p?nonogram/15/15/amamfmamamamamamamam5m1115j1115j55l5ma1la1la1la1la1lamamamamam35l15l35l15l35l",
"89","public","ののぐらむ","2","城スタジオ","https://puzz.link/p?nonogram/15/15/3m5mdm51l31l11l11l11l11l11l131k1111jbm11l3zibm11l11l31l1111j1111j1111j31l13l15ldm5m3m",
"90","public","ののぐらむ","2","城スタジオ","https://puzz.link/p?nonogram/15/15/531k6111jam6111j531k13l1111jfm1111j13l511k11l311k11l511k31l1111jfm1111j31l13l1111jfm1111j13l11122i111122h111122h111122h11122i",
"91","public","ののぐらむ","3","IrOiRo","https://puzz.link/p?nonogram/10/10/131h232h112h44i121h1211g33i11i11i1112g1211g1111g23i21i1112g42i6j32i3j132h",
"92","public","ののぐらむ","1","kaito1099511627776","https://puzz.link/p?nonogram/4/4/2g4g1g1g2g112g2g",
"93","public","ののぐらむ","2","kaito1099511627776","https://puzz.link/p?nonogram/10/10/5j51i111h111h35n44i1111g44n111h1112g11111321h1111g13i1111g1111g311h113h",
"94","public","ののぐらむ","2","locker","https://puzz.link/p?nonogram/10/10/2j3j3j8j12i12i212h312h312h9j4j7j13i41i13i11i11i33i44i33i",
"95","public","ナンバーリンク","2","y888","https://puzz.link/p?numlin/10/10/1p93k8o2g6g7g41j7g6h5t2q5q43g8q9",
"96","public","ナンバーリンク","1","IrOiRo","https://puzz.link/p?numlin/10/10/o1127l7o6g362n5x4j4t35w",
"97","public","ナンバーリンク","2","y888","https://puzz.link/p?numlin/10/10/zm6r12345y34l61t2g5o",
"98","public","ナンバーリンク","1","ぷろぱん","https://puzz.link/p?numlin/10/10/13x2h474g2j7u6zn5j6m1k53h",
"99","public","ナンバーリンク","2","IrOiRo","https://puzz.link/p?numlin/10/10/1p71k6h2h436zj2q5l4l5h3o7o",
"100","public","ナンバーリンク","3","IrOiRo","https://puzz.link/p?numlin/14/14/h1j8g2j23p5l7raj4par9k9zj8i1j54sbjb7zzi3u",
"101","public","ナンバーリンク","1","kaito1099511627776","https://puzz.link/p?numlin/10/10/zs2o1zn5w43i12345",
"102","public","ナンバーリンク","2","kaito1099511627776","https://puzz.link/p?numlin/10/10/4n2s1zk3k4s1g5k5p2g3o",
"103","public","ナンバーリンク","2","y888","https://puzz.link/p?numlin/10/10/i4m3q1r3i5k2zk41v2n5",
"104","public","ナンバーリンク","1","y888","https://puzz.link/p?numlin/8/9/m5j31s5n4k1j2h2j3u4",
"105","public","ナンバーリンク","4","kaito1099511627776","https://puzz.link/p?numlin/10/10/q12853871t7zw6k2i3g5g6t",
"106","public","ナンバーリンク","3","y888","https://puzz.link/p?numlin/9/9/k64i3o6i5h2n1j1t5m24i3q",
"107","public","シンプルループ","1","IrOiRo","https://puzz.link/p?simpleloop/10/10/2802442h808e829a3a08",
"108","public","シンプルループ","2","y888","https://puzz.link/p?simpleloop/10/10/gg02400k20i8421044g0",
"109","public","シンプルループ","1","城スタジオ","https://puzz.link/p?simpleloop/10/10/s1g91re020g8gerg0h07",
"110","public","シンプルループ","1","Kei","https://puzz.link/p?simpleloop/10/10/0g8k640gaj001ia22oi0",
"111","public","シンプルループ","1","Kei","https://puzz.link/p?simpleloop/10/10/g1np00bg841s6808i9i1",
"112","public","シンプルループ","2","kaito1099511627776","https://puzz.link/p?simpleloop/9/9/g200002980200010g",
"113","public","シンプルループ","2","y888","https://puzz.link/p?simpleloop/10/10/00228800kk119088a024",
"114","public","シンプルループ","2","y888","https://puzz.link/p?simpleloop/10/10/248k00j242081hg01004",
"115","public","シンプルループ","2","stranger_86952","https://puzz.link/p?simpleloop/10/10/00029a10004100822001",
"116","public","シンプルループ","2","kaito1099511627776","https://puzz.link/p?simpleloop/10/10/gh000014g00980144000",
"117","public","シンプルループ","3","ぷろぱん","https://puzz.link/p?simpleloop/10/10/04f0020258000k4002gg",
"118","public","シンプルループ","2","y888","https://puzz.link/p?simpleloop/10/10/082080900k40h20009h1",
"119","public","シンプルループ","5","y888","https://puzz.link/p?simpleloop/10/10/11400004001180080021",
"120","public","シンプルループ","1","Kei","https://puzz.link/p?simpleloop/11/10/o00j0004l92660o148g480",
"121","public","シンプルループ","4","kaito1099511627776","https://puzz.link/p?simpleloop/10/10/h1000000018002p00400",
"122","public","シンプルループ","2","kaito1099511627776","https://puzz.link/p?simpleloop/9/9/0g800802400g0000g",
"123","public","シンプルループ","1","y888","https://puzz.link/p?simpleloop/6/6/0400i0g0",
"124","public","シンプルループ","3","kaito1099511627776","https://puzz.link/p?simpleloop/10/10/1100g0030g00i1000800",
"125","public","シンプルループ","2","y888","https://puzz.link/p?simpleloop/10/10/g8429009gc10491042g8",
"126","public","シンプルループ","3","y888","https://puzz.link/p?simpleloop/10/10/200gg44g0081001000g9",
"127","public","カックロ","3","ぷろぱん","https://puzz.link/p?kakuro/11/11/o-Ot6hoESDoaiqKAnO-7-lIJog6qiDoj5l-dl.bcl6-mh7l7dv46n-Ut-6m-7m.dgHDbSeF7DNiEaJEQg3",
"128","public","カックロ","4","ぷろぱん","https://puzz.link/p?kakuro/25/30/oHfm.ccmCBmdmbguAWrgCri7mChoSelAcmABsJCpMHnDBmAglZ-KHJqBKoJblKAnceoJEpgTq6BrEjnWOqRLoiar4hmiEmfclfalJ3l49pFioDZs9jna-Rgndho-enAffoa-oGHp-DmZMojcoednBglC-g-FBpSapGQqBambBmgflCCqOGn6Jo4jmCDmh-h8KoGGo-AndDngaoSamYAnfAoTTy6joQPoU4lglE7lfBnGbmacn4Co.OPpQ4lH-.Ihm8DnaflDBmCenKgl-Rq8gl3-a-o-Bphcmcl9iq5dl.aZs8joh4qWBngEmg3lJ-EHnV-f--jmAQph-C-DNog-6In7-4-N--AmbYrgenHagojNodCnG-5ZyhdnAPpjJoC-4-gal-jm7hngMog-dcr-io-Hn-Zw-4l-dl-en-CpgleZ4j93BA66WfAce7JhEMZacCfGGf65cCZ4LgihGeG",
"129","public","カックロ","3","ぷろぱん","https://puzz.link/p?kakuro/9/9/o-frfdmDKbnEbpbFyh-eEn8-p4cl-Hn-7m-6m.-dm3bjNjfZNKBaZfT",
"130","public","カックロ","1","ぷろぱん","https://puzz.link/p?kakuro/11/11/ljbl..-3l7-o.hE6mhCmc--Pt-hm..l-dle-acl...g-h-.-gl..A-9-gglC--8lD-84p7-.Dgp4el-Oo-an-dn..-3l.-gl...4PA4fa6gHgJa",
"131","public","カックロ","2","ぷろぱん","https://puzz.link/p?kakuro/6/6/-ame-.jfn7-lf7p6ar-Cm..K565aD",
"132","public","カックロ","3","ぷろぱん","https://puzz.link/p?kakuro/7/7/64lcelasjhqbalg-4hmgfu-Dm.O6eNK57Q3",
"133","public","カックロ","4","ぷろぱん","https://puzz.link/p?kakuro/11/11/ngimhtRanQVvL8lDbl.3Zs.m74lKgli-3-o6MoD-CLo77paPp4-o-fq-3l-4l6leIgMBOEJECWeH8jgLg",
"134","public","カックロ","4","y888","https://puzz.link/p?kakuro/9/9/lf--cmd-.m6IngpE9l-cn88m9-E3lebp.i6m8-.l4iod-o-jm-fm.-cmaDddd49Kc4M",
"135","public","カックロ","2","ぷろぱん","https://puzz.link/p?kakuro/6/6/-Ema-6-Djr65n48r..-3l..OAchgD",
"136","public","カックロ","1","y888","https://puzz.link/p?kakuro/5/5/g7l..m6-9-l4al-cn.-3l.j6bh",
"137","public","へやわけ","4","y888","https://puzz.link/p?heyawake/10/10/58ag50aa0kl9aig50a00v700vv3v0000vg00122222g334g44",
"138","public","へやわけ","4","y888","https://puzz.link/p?heyawake/10/10/4i94i94ia4k9a4k98js001s00f3g00vs0003154g1g4g43g52h",
"139","public","へやわけ","3","stranger_86952","https://puzz.link/p?heyawake/10/10/5acp6994i42q0cb8i8125asd437u4uq160ou3543g356h2",
"140","public","へやわけ","3","IrOiRo","https://puzz.link/p?heyawake/10/10/3c6odgb0g10204080g0000v00vvv00000v005g4h2g873",
"141","public","へやわけ","2","kaito1099511627776","https://puzz.link/p?heyawake/9/9/5gm4gia9d5kmiq8s1vs3u0fv00003gi0g031i1g2310",
"142","public","へやわけ","1","城スタジオ","https://puzz.link/p?heyawake/10/10/a4k9a2k5aak58ai54a00pv007v00vs00vj002210221i33g4030",
"143","public","へやわけ","5","kaito1099511627776","https://puzz.link/p?heyawake/10/10/o1g3cuphj061c2o0007v7v00u0vsvs00vvvvu",
"144","public","へやわけ","2","stranger_86952","https://puzz.link/p?heyawake/10/10/bgn1e1c2ocgp1ia4k900o0v00fvg000fvg0022g25g2242g33112",
"145","public","へやわけ","2","城スタジオ","https://puzz.link/p?heyawake/9/9/4gi289144gi28903g0vg7s1v0fo0e01h50g4g2g3h",
"146","public","へやわけ","3","y888","https://puzz.link/p?heyawake/10/10/182h52a4k98i04080g07v70070000vv00v0v44h4g4444h",
"147","public","へやわけ","3","y888","https://puzz.link/p?heyawake/10/10/6kd8ogh162c4o5gb06s01su31s0000vo00vol354433g3",
"148","public","へやわけ","3","ぷろぱん","https://puzz.link/p?heyawake/10/10/kb8mh91224488gjv7u003ovv00000003vs00h21h4b2g1l",
"149","public","へやわけ","5","IrOiRo","https://puzz.link/p?heyawake/10/10/tvrvnvfil5a87vvvvv000000vv00vvvu0000i2j2g1g1h21o",
"150","public","へやわけ","2","IrOiRo","https://puzz.link/p?heyawake/4/4/vmovsos",
"151","public","へやわけ","3","ぷろぱん","https://puzz.link/p?heyawake/10/10/g50a0k0o1g36acgp1i00fsfv0000fv00u000231ga2h213",
"152","public","へやわけ","1","kaito1099511627776","https://puzz.link/p?heyawake/9/9/4g2088104g20810vu03vv01vvg03u02g24g24g244g",
"153","public","へやわけ","3","kaito1099511627776","https://puzz.link/p?heyawake/10/10/hn264c8ohh3264c8gufu00g1g1fv0100g1vvh1g1g5511h551g11g1g1g",
"154","public","ましゅ","3","y888","https://puzz.link/p?mashu/10/10/03060000a24i300690c03i60ic40000310",
"155","public","ましゅ","2","ぷろぱん","https://puzz.link/p?mashu/10/10/0910200c00007a400090092f2000192000",
"156","public","ましゅ","3","stranger_86952","https://puzz.link/p?mashu/10/10/00010b0c000i009b02033210920a330000",
"157","public","ましゅ","2","y888","https://puzz.link/p?mashu/10/10/3i000a0021i940960b3200039j90100910",
"158","public","ましゅ","4","y888","https://puzz.link/p?mashu/10/10/k03033003909c110040604909390cc0000",
"159","public","ましゅ","1","kaito1099511627776","https://puzz.link/p?mashu/7/5/090096i30030",
"160","public","ましゅ","3","kaito1099511627776","https://puzz.link/p?mashu/10/10/01020901001360330i6003000350000i60",
"161","public","ましゅ","3","y888","https://puzz.link/p?mashu/10/10/099060b00i16060000190c0c10003i2100",
"162","public","ましゅ","2","IrOiRo","https://puzz.link/p?mashu/10/10/i900033d0i01108000100i90020i300900",
"163","public","ましゅ","2","ぷろぱん","https://puzz.link/p?mashu/10/10/00000j0i0i0600i090600i0d0190630i00",
"164","public","ましゅ","3","y888","https://puzz.link/p?mashu/10/10/0330029290340901a6il00030090c91000",
"165","public","ましゅ","2","ぷろぱん","https://puzz.link/p?mashu/10/10/099200610610090i030i120c00i2001100",
"166","public","ましゅ","2","ぷろぱん","https://puzz.link/p?mashu/10/10/300032430003a09i030i930010l6000990",
"167","public","ましゅ","2","y888","https://puzz.link/p?mashu/10/10/103000067000661002200103k200330900",
"168","public","ましゅ","4","kaito1099511627776","https://puzz.link/p?mashu/10/10/00609909i0010312012020092091106000",
"169","public","ましゅ","2","kaito1099511627776","https://puzz.link/p?mashu/10/10/00023i00001660090623090100i3f00000",
"170","public","ましゅ","4","IrOiRo","https://puzz.link/p?mashu/10/10/000173003i3090b1033960i0419a030000",
"171","public","美術館","3","y888","https://puzz.link/p?akari/10/10/wbicocg.gdzhbjbk.ldgck",
"172","public","美術館","3","y888","https://puzz.link/p?akari/10/10/bgbgbzlcjczbscjblb",
"173","public","美術館","2","城スタジオ","https://puzz.link/p?akari/14/9/.g1..g...gb.s..g6...l.s..1.g.1.g6b.s..1.g.1.g6bbq..g...g.g.h.g.",
"174","public","美術館","3","fkfk","https://puzz.link/p?akari/10/10/r7.h.bn1bi.r1bgczh1bgcs",
"175","public","美術館","2","fkfk","https://puzz.link/p?akari/7/7/.h.h.o7.hbc.h.gcm.hb.",
"176","public","美術館","4","stranger_86952","https://puzz.link/p?akari/13/13/jbh.jdhbh.j.jchbhbhch68.gbgbmbh.h.g.g.hbhcm.i.g8.g.jch.jbhbhchch.jbhbh.j",
"177","public","美術館","1","IrOiRo","https://puzz.link/p?akari/11/11/bq.g.ibcg.gdk...m..g0.k..i...j.5.bk...jch.h1bg.7bbq",
"178","public","美術館","3","fkfk","https://puzz.link/p?akari/10/10/jchblcpchcnbzgb6bbt.i",
"179","public","美術館","4","fkfk","https://puzz.link/p?akari/10/10/jbi.kbcnbqcocbnbibbpbj.",
"180","public","美術館","2","IrOiRo","https://puzz.link/p?akari/9/9/lbagckcgbbgbncicjcibichcib",
"181","public","美術館","3","fkfk","https://puzz.link/p?akari/10/10/g.ibbrch7bvbgcobczagbh",
"182","public","美術館","4","fkfk","https://puzz.link/p?akari/10/10/lbbnbgcrbr6.gcq.wbg66b",
"183","public","美術館","3","fkfk","https://puzz.link/p?akari/10/10/6bbq.hczjbjcm.ybkbh.",
"184","public","美術館","1","ぷろぱん","https://puzz.link/p?akari/10/10/pctcoczgcvdpch",
"185","public","美術館","3","fkfk","https://puzz.link/p?akari/10/10/bocjbrbrbicqbcj.kbibl",
"186","public","美術館","1","fkfk","https://puzz.link/p?akari/6/6/ia.jbg.h.j.oc",
"187","public","美術館","2","IrOiRo","https://puzz.link/p?akari/10/10/g6bhbjbocpblbcublbmbgbj",
"188","public","LITS","3","Kei","https://puzz.link/p?lits/11/11/40q5f4f2vgppgv0f0f0000bsqhg0h3u4e72fs8000k00",
"189","public","LITS","1","Kei","https://puzz.link/p?lits/15/15/gc0go32g04e08k0hg124h8d28u4hs8g0h013024g00800g808f800g00800u3v0c1040007ubo000800607u",
"190","public","LITS","3","Kei","https://puzz.link/p?lits/10/10/94oloj54m4eqd68p153q1upg3o714s3c6e0q",
"191","public","LITS","1","Kei","https://puzz.link/p?lits/7/7/0vnqc320gak8877u10",
"192","public","LITS","2","Kei","https://puzz.link/p?lits/6/15/048665673hsrb1gs27g02v0n1oeik1hs",
"193","public","LITS","5","Kei","https://puzz.link/p?lits/24/33/8090adbm6kambhh94e7902t5a0l8qc491iggn2aq8oikk520816o1052h28tjoqhvsplcik6d851jd28ctae2ibho47bv5dkvj6ijop52e7iai9smgd6al2rm38col010p92a2c8cl9l5p99e6b24hi8mpkgqumm4q03e017sfb4d05b190ipts025s0gf49akt0vvvudvvv57vvujhfd28hmlp2hu47fk5io6gm1bq22kg05t341lk8hkkg2eiko1orkj71qm30v2gir9l0m9cs1pdm3np4vrks1u3m1ac6gccssg",
"194","public","LITS","3","Kei","https://puzz.link/p?lits/10/11/022c1q4t0i0d29998k640s0ovk9h60tgceeqfvd4",
"195","public","LITS","3","Kei","https://puzz.link/p?lits/10/10/4ppei94jp7i7m4m4t48542g02g10s6eb7e1m",
"196","public","LITS","2","Kei","https://puzz.link/p?lits/10/10/4hnehp71d4saomps1oau58jh26220o092es0",
"197","public","LITS","2","Kei","https://puzz.link/p?lits/9/10/03jfo9pv7gji900gno2dbf802uq0bhrg0",
"198","public","LITS","2","Kei","https://puzz.link/p?lits/10/10/03pvu97jv7i9sic000nq14aqt004uq04sffv",
"199","public","LITS","3","Kei","https://puzz.link/p?lits/10/10/00a397vjsvu9c580g230lv2i85k298vl0o02",
"200","public","LITS","3","Kei","https://puzz.link/p?lits/10/10/0k2kahb4ib6qlala580l1a2k7o122s5aakl8",
"201","public","LITS","3","Kei","https://puzz.link/p?lits/10/10/idu527vlaalvtadbq34qaualla00allaak3o",
"202","public","LITS","3","Kei","https://puzz.link/p?lits/10/10/95ak6oatel9l6l2k64k6ca0l9a6k5famlo28",
"203","public","LITS","2","ぷろぱん","https://puzz.link/p?lits/10/10/49mqj3qmmlb8lstlhal3asem13oq30buogc1",
"204","public","LITS","2","城スタジオ","https://puzz.link/p?lits/10/10/g10lir5mdcu7d5qaikfufso0043qukp87441",
"205","public","LITS","3","y888","https://puzz.link/p?lits/10/10/9olm56mlemkfar3d4o11emfhg6k8cghfb443",
"206","public","LITS","2","IrOiRo","https://puzz.link/p?lits/10/10/mkulqvbjrj24f1vmgg9a0kh89kseesnp3kde",
"207","public","LITS","4","Kei","https://puzz.link/p?lits/14/14/401mo94grc31mi95ir6od4mbc61mo94grc0204i0mq3dk14i5urblk94hd6irl2941dm2r8290",
"208","public","LITS","4","Kei","https://puzz.link/p?lits/14/14/001mr90iq5j56mlllb6lddbb56d2q84mrc0004i8mrbfuh4i56a9b41s16kij5i94bvkmr8i90",
"209","public","LITS","3","IrOiRo","https://puzz.link/p?lits/10/10/ahav7sv031ifp67i04ba4g61hevc2b5kbflo",
"210","public","LITS","4","Kei","https://puzz.link/p?lits/11/11/40dmi9dmcmj9cmdmi9dm044i5mirai8laali92r9dk94",
"211","public","LITS","3","Kei","https://puzz.link/p?lits/18/18/01g02601c2660hs0cepf5qksvqavrbfddvl5vjilqv9n303og664380640080007801es3uvg3ns05ug8hkj1bl8aoo8mh1hl1at8c2oh2nq03us0vns3n801e00",
"212","public","LITS","4","Kei","https://puzz.link/p?lits/24/24/00000111813008he812aj065so1q6s4bcr1qrjn24uce9lptgrnjn7mrf7efeodstcjhjp27eeqs6pmh1r2s0psb06ai40jk8g0640k4400000007vu03kfj0vng00560225pvgc5fugg1t680jpr03q7e023q8307i0j2q682f060iu203n2u06su80j5s08bvl00fst12035000ffo6fhe03vv00",
"213","public","LITS","4","Kei","https://puzz.link/p?lits/11/9/8i4hgipuvufvfj110g417olqg80h2042n07o",
"214","public","LITS","3","y888","https://puzz.link/p?lits/10/10/899eiu7mbimrmmrdl8fl007ok4bgr4k4813e",
"215","public","四角に切れ","2","城スタジオ","https://puzz.link/p?shikaku/10/10/6h6k4l2j4j3i4h5h4h5h4g4i4h3i3g3h2h2h2h3i3j3j4l6k9h2",
"216","public","四角に切れ","2","y888","https://puzz.link/p?shikaku/10/10/6n9k8l6q9h4o2g4g8g5jag3i4h4k5s5j8m",
"217","public","四角に切れ","2","kaito1099511627776","https://puzz.link/p?shikaku/9/9/i9ucuaj-12u9u8kfh",
"218","public","四角に切れ","1","ぷろぱん","https://puzz.link/p?shikaku/10/10/i-10zj6g8zj-23z8g6t91h4g7",
"219","public","四角に切れ","1","ぷろぱん","https://puzz.link/p?shikaku/10/10/jalajazaoamavanajagaq",
"220","public","四角に切れ","2","y888","https://puzz.link/p?shikaku/10/10/6h8xajak6paj94k6l5n8k8l4n6k",
"221","public","四角に切れ","1","IrOiRo","https://puzz.link/p?shikaku/10/10/u68k-10j6l2j2m7l6i2g6g5i4g3h4ias46l3h",
"222","public","四角に切れ","2","城スタジオ","https://puzz.link/p?shikaku/9/9/j5j445322245s4w4s543224543j5j",
"223","public","四角に切れ","1","kaito1099511627776","https://puzz.link/p?shikaku/7/7/k7g4i6q9n5i8ian",
"224","public","四角に切れ","2","fkfk","https://puzz.link/p?shikaku/10/10/r6h.n-12zk5qck.kfk3l8m7j",
"225","public","四角に切れ","1","fkfk","https://puzz.link/p?shikaku/10/10/jam6j4j.m4n2g3hahahct6h4y23m8g.",
"226","public","四角に切れ","2","fkfk","https://puzz.link/p?shikaku/10/10/czhfh6uak.g.zg8iao4i.g4j4h",
"227","public","四角に切れ","2","fkfk","https://puzz.link/p?shikaku/11/11/iek4r4ucick8j4i.zk-14.t5o5o4g",
"228","public","四角に切れ","2","城スタジオ","https://puzz.link/p?shikaku/15/15/ifg2g4g-14gfzs8s6j2h9h4jescy7h5h3yasaj6h1h8jas6zs9geg4g9gci",
"229","public","四角に切れ","2","fkfk","https://puzz.link/p?shikaku/10/10/h5m2i5sch.i2g4j.kfr6g.zp5h5h",
"230","public","四角に切れ","2","城スタジオ","https://puzz.link/p?shikaku/10/10/vckcuczhej-18g4i3p3hcg4q",
"231","public","四角に切れ","2","城スタジオ","https://puzz.link/p?shikaku/11/11/2i7q3g3i2g3k5g5g5g5i3m3g2g5k5h35g7g5g5g3m3i5k3g2i3i5g2k5k7n",
"232","public","四角に切れ","1","IrOiRo","https://puzz.link/p?shikaku/6/6/8j6m2g4m26i8m",
"233","public","四角に切れ","1","Kei","https://puzz.link/p?shikaku/6/6/3j5g6o6i9n3g4i",
"234","public","四角に切れ","1","IrOiRo","https://puzz.link/p?shikaku/6/6/ci3j3l43h4m22i3h",
"235","public","四角に切れ","1","IrOiRo","https://puzz.link/p?shikaku/6/6/5o9h6i3l4h3g2h4i",
"236","public","四角に切れ","1","ぷろぱん","https://puzz.link/p?shikaku/6/6/4g4k3r9n8h8h",
"237","public","フィッシング","2","Kei","https://puzz.link/p?anglers/10/10/u1h4g10t1k1q1i0o1h9k1n1j1p8-1bycg-116l5j-11g"
"238","public","フィッシング","2","y888","https://puzz.link/p?anglers/10/10/s1j0t1n0j1zi1j1j1r1p7h-13r7lbk-1f-13gbh"
"239","public","フィッシング","3","Kei","https://puzz.link/p?anglers/10/10/o1h1zg5n1n1j1j2j1n1m1o1m3i8g-13l-324o9r7"
"240","public","フィッシング","1","kaito1099511627776","https://puzz.link/p?anglers/6/6/l1v1j1h1k4j3q-1fh2h"
"241","public","フィッシング","2","城スタジオ","https://puzz.link/p?anglers/10/10/p0h0h0h0q000h0g0k0g0g0k0i0i00i0x0i1h1h1h1-15h.h-15h.zp"
"242","public","フィッシング","3","y888",https://puzz.link/p?anglers/10/10/q1s1q1l1k1w1r1g1x-13jbm9icicjbifi-13i""
"243","public","フィッシング","2","Kei","https://puzz.link/p?anglers/10/10/w11n11i1o1o1o0q1g1zk5t5-13kc.h7-16k68i"
"244","public","フィッシング","4","IrOiRo","https://puzz.link/p?anglers/10/10/g1u1i1t0l11j1i1o1q01o1sdiboaa9hcn99h-14h5j"
"245","public","フィッシング","1","ぷろぱん","https://puzz.link/p?anglers/6/6/g1h1k0z1j9j.i8t"
"246","public","フィッシング","3","y888","https://puzz.link/p?anglers/10/10/m1s0m1i1k01i0h0j0j0h1n1zh1x7h9i-1e.9j3qch"
"247","public","フィッシング","1","IrOiRo","https://puzz.link/p?anglers/6/6/j1i1k1g1p1p4kbiaaj6k"
"248","public","フィッシング","1","IrOiRo","https://puzz.link/p?anglers/10/10/h1i0j0o1g0g0k0l0w0s010s0l0zi.l8o.k"
"249","public","フィッシング","2","ぷろぱん","https://puzz.link/p?anglers/6/6/h111m111i0h1h1q45i5q3h6479"
"250","public","掛け算リンク","1","IrOiRo","https://opt-pan.github.io/penpa-edit/#m=solve&p=1ZTBbtNMEMfvfopqz3uwvUnq7q2UfAippFCKqsqyKid1W6tOtmxsWjlqpdA7EieEOPZQCQk4cOVtLJXvxit0Zhxqr2MOHEBCzk7GP8/OzK737+nLLNQRd2z8CY/DP1wdx6Phej0a9uLaidMkkiu3bz4U87ffP78rrj4WV1+L11/4epYeKy1XHuuteFtxzrcG/DBMppHlLyYHls8E48yB4bLgMu9f+ngjAmuWb8tZvi/94ILnLyrXq9zncgZ2IGfMdVwmfeYx3sNkAWRzbSSQvCKrSCD7Pen0kHRrZLWLxK0TiqnP8kQzxqOYOllzkHQqIhzqB/qsIUrk1OoLuDEzCcdr1BcuTavPEs21ii7tx30MbJNDm7VH9j+yLtkd2EueC7IPydpku2Q3KaZPdpfsBtkO2R7FrOLbsCxflOfEvLr/HsND2T84ilYGSo/DhMFZZFOV7E8zfRiOIibpDHNik2w8jLSBEqVOk3hixsVHE6Wj1kcIIyjHZKozI3yo9EEj+VmYJAYotWqgUaxHiYlSHRv3odbqzCDjMD02wDBMQdfT4/jUzBRNUrOBNDRbDE/CRrVxteQLi50zGr7LXfiQwG7P8jWZr/P8UXmGf34MeP4MpP5E5gNUus8YvBk8kCQGF9x+5e7Sc/Q2SujY4A8WwgF3D9xyX/Y3y0RPpZ/vcIZ1HtBsdNlYvYJWaRrdj9R4CIvxWW07yifT7ECdZItYBxW2Xrbbb2lXVO2iW7aLXku7uIo/3O5acFG+CPu3PrN/4StyvtCa0q1yA9yiOKCtylrwUlwmX9IRFlyWEtAWNQFtCgrQsqYALskK2C+UhVmb4sKumvrCUksSw1J1lfmBdfvp+v+b62J+U8zf//g2vwM=&a=RZRRbsQgEEPv0u98bGwI5CxV73+NvimGSpHGmmWeTTTZ7++fq54v3bp0+7q/rqX1RJt+i27oHt3R+8xzyZ/oQX/+a9/Rk/4b/cLPeaocPp5qu8+swindwqGnpqXxPHwYcrJR1eIF78wyp57MjXu1+JbuIxpOC4eqvjmVbZ9BP8lJT8/mc68n77DD6eGUfnIXenrCJItGOPhrhNO54/YtPXJfPDWSGU+N8PHUSDZ8NPd58szkwUczs/hoZha2Zt4JbM3khK2x++R8kxMfvcmJj96cwefwYetNftiayUb1Z89OdHLCPkx4vuMFw9nJmnN2r+ac3fPHcJbvn2bnlm7odZfi+V78qma/ly5O+Oz24ZfO7pXPYcJzdriqnVnhq2Qo7ZynZ4VJdb6pqmanl+adbC/22dnnP539rJ6dzNTji4+9Z8nWc4Z9PrOls9v1u3tmqWYvlyZndrWq841UXbPrT6Ken18="
"251","public","掛け算リンク","1","kaito1099511627776","https://opt-pan.github.io/penpa-edit/#m=solve&p=vVNPa9tOEL3rU4Q970FaxXK8tzT1r5fU/ZcSghBh7SiJiOxN11ITZBJwcy/8TqX0mEOg0PbQa7+NIO2tXyEzsw722iq0h5aVHk9Pq5nZ0bzxq1KZlLdghRvc5wEsITboXvfxul87WZGncu327Yd6+v/3z+/qq4/11df6zRe+WRbH2si1E5UVOvA7nVYQRKLdbkec8yc9fqjycerFs0CJF7OQcRbALVhyWXUvY3wIE29SPZeTal/GyQWvXs7pxpy+kBPAnpywwA+ZpFARBksAAh+VaEERApX1RaWDirhXIFhAIfcI/yMUhDuQkVch4UNCn7BFuE17uoS7hFuE64QR7WljzZ4XC9tXXK3fY9ik7sFRutbTZqhyBr1hY53vj0tzqAYpk9RTTtqoHPZT40i51qd5NnL3ZUcjbdLGVyimkI7JwpTO9r42Bxh8rp+pPHc+tiPkSIPMDHJXKkzmPCtj9JmjDFVx7Ah9VcDIjY+zUzdSOircAgrlHl+dqKVsw/mJLzx2zuiOBRcRF9DsSdWR1SavHtmBup9NXj2DyXssqx4OXswY/Bj88zSvAmh3TnfpPbItKwY+8J7lEdA9oLYv+9s20FMZVzucYZ4H9DVSNtSvoVT6jJ4HetiHw8RsoR32zbg80CflbG+Ao7xpy+02lBvOy0Vqy0XWUC6e4i+X20ku7I/w/8j1/8Cu5zOradPoNpAbDAdqo7FmuvWWq6/4CBOuWgnUBjeBumwokFY9BeKKrUD7hbMw6rK5sKplf2GqFYthqkWXxYl3++n6x811Pb2pp+9/fpveAQ==&a=RZDbDcQwCAR7yTcfBnIPaonSfxvZNcudZGlGeMHC13Ubz+FrmS83PwwOrpCDK+WgT/1E/fV3V8YxxzVne8lRm15mYxz38W0P5EO929XL2uSZzY8c94kcnUz1kufUkU3NJ1MzSWWK6/60+iGgeiWgsCDttOqVgXq3Afsf+iN57gc="
"252","public","掛け算リンク","1","y888","https://opt-pan.github.io/penpa-edit/#m=solve&p=vZRNb9NMEMfv/hTRnvfgl8R19hZKHi4lvBVVlWVFTuo2Vu1sWdu0OEql0DsSJ4SeYw+VkIADV76NpcKNr9DZsYW9jjlwoFrtaPbnnZ3Zl7+TV5kvAupAsxyqUwOa1Texm/oQu161/TCNAta7ffd/sXn/48uH4upTcfWtePuVjrJ0wQXrvXEch1L6ZEKP/SgJNLcK9TSXWIQSA7pJvMt8fOnKgeVpq/w5W+VT5nprmr+sXad2X7AV2AlbEcM2CINIm1BbruaB2TElapJhv0VMA8OcJhlKYjaIOWgTC9cxmqiPYVD5bzJQk0GhBpZ7iPY/tCbafdgNzS20D9HqaAdo93DOGO0B2l20fbQ2ztmR56FprmnjPdVtcL9jeZ3jo5OgN+Ei9iMCt0gSHk2TTBz784AwvH2KbJnFs0AoKOL8LAqX6rzwZMlF0PlJwgDSEZaKTJk+4+JILl7zcz+KlODygStoHop5pKJUhMrYF4KfKyT204UCZn4KckgW4Zm6UrBM1QJSX92+f+q3ssX1jtcauSDYXRCgTU047FU+ZPmI5o/goTVURPNnoJHHLJ9IibiEwMXId4Tv0wR3XLsH+F16uyU0dPAn1VsG9xDc8lyme+VCT5mb71Mi8zzAaOmSmL+GUjEMx3Mez2AzLmkcR/klyY74aVbNNaQwRmW5445yrbpc6ZblSq+jXLmLf1zu0FuXF6H/1f/pHsR/UUmNi061Ae4QHNBOYVW81JbKt3QkE25LCWiHmoC2BQVoW1MAt2QF7A/Kkqu2xSWrautLptqSmEzVVJnrabefr3/eXBebm2Lz8df3zR0=&a=TZLRDcQgDEN3uW8+GgMFZjnd/muc3RhUqZKtKH5JKr7fX9H3iT5K9FniU9Lfy561vj31vtJL77CnjmoP1l9+NHvWRrcnZ5gjHeZIBzOPp05nxZ7Oijdve9Ymd5VX73JdvWvXWVu+S73Ltyz1m0mPy1nVNocMXLt/FoR3JgOROyuHSD4u9rj/8ch+5YC8SznE9qDPfyUFch/xUHeWsw6Hvnoueaj5fwBlX76aw9phQllz5Js55KF5hyrmyzczWTuzyEbN/yNFzf8sRfPtZKP5Riq6s5xzmI03nn56vyv1ontnKrpnUaF3+XjO8luVwu9Tmpx81Pp+fw=="
"253","public","掛け算リンク","1","城スタジオ","https://opt-pan.github.io/penpa-edit/#m=solve&p=zZU9b9s8EMd3fYqAMweK9IuszU3dLqn7liIIBCGQHSUxIlspLTWBjASwswfoVBQdOmQIEKDt0KUPUKAfRmjarV8hx5NbmaI6dHiKgtbh9BPJOx75p6fP00CGtANNOJRRG5pwGD5OQ/3Ysm2Okih0124u3uTzl9/ev8rPr/Pzj/niA+2myUEs3bWvby/yxX/54ku++JQvrimlD/t0L4imoeUtZ/EtjwhCiQ0PJ/5Z1jvz1IvwrVn2xJ1lO67nn9LsWek6pfvUnYHtuzNitxlxPdIgtKUm88G0bUVg8pJwgwiDNAzSVARyKknLIG2DOAbpVImD0VdzdozoDkbXCEbXCEbXiBHdMaJ3sGIawYppBCu2kiG3qxnyRrXyvFkdJVi1j2AYi68SHKURrI9GMLpGqrsjWHV3BKvWRzCsj0awPr8yhGNl4+HaRnsPLUe7CWePZgLtXbQMbRPtBvbpod1Cu462gbaFfdrq9FqWxx2U12pr/ltEybO3ux+u9WM5DiICqiTTONqZpnIvGIbERTVTZJN0PAilhqI4PopGE73faH8Sy7D2k4IhhCNuIlOt+yCWu2rykh8HUaQNLm4uDQ1HchjpKJEj7T2QMj7WyDhIDjQwCBK46aYHoyN9pnCS6Akkgb784DCoRBuXKz61yAnBx+OUtyiHYs+yjpt1aXa/OJw/b0WaPYY774Gb9dWV5xECG6NOGp5yDm6vdLfwu/LWC2gz8PtLRYC7DW5Rl52NYqJHrpdtUqLi3MHRyiXj+AWkisPwfRiPB7AYj6yUo/gyTXfjw3TZ11bS6Rbp9mrSFWW6yi3SVV5NumoV/3O6Hf+02Aj2R/83f+F6OFlKLZa1agNcIzigtcJa8kJbOjd0pAKaUgJaoyagVUEBMjUF0JAVsN8oS81aFZfKqqovFcqQmAq1qjLPt27eXX6/usznV/n89Y/P81s=&a=PZRbasUwEEP30u98xJq8vJbS/W+jR7EmcMFCTI5kY9/f37/Nv5/x1DaeYxs/29Lzisabd/TJTPvo+UTjzRnN7NP+vWnfox/0iGZ2tj/xtTSedrJfzexsf+CnG552sl99oZNLR40w6aWRLHppLI67aCy+u3SuM5tvtsbqb7aUGdhSvoUtZR62tPqYLa3z0TjgtI/WOkN7Gj1D/9E+/Wv1d75q9Xe+Khzyv1wyvyzYUjqzSutMvOpIf9g60h+2jnBgq8JhVaUPqypMVlWYrDrDPMxMT+szfLwvl8wv64BzhGN99bdmZu+sOuOzflmwdaXnyXmeORPrK53xdPYMeznbZy93+GTqTh9437eX+6Sb9ZMOeHrSAYb8Nl5Nru/6q8m9k2ud+29Pvuuvdof20bn/9uS7bk2mZrqRqZk9kqm8R2dW3pRzKm/KOdX3GXblHZldfbf9dmb7wg8fr/bwya89+yK/9nQmv/LWnN+5zuws5zTTvOaYsb5dfzb+/f0D",
"254","public","掛け算リンク","1","y888","https://opt-pan.github.io/penpa-edit/#m=solve&p=vVRPb9NOEL37U0R73kNsJybdWyiBSwn/iqrKsiIncRurdrasbVocpVLo/SdxQohjD5WQgANXvo2l8rvxFToztupsYg4ggVb7NPt2d2Z2PM/Jq8xXAXdg2D3e5iYMy3Fomp0OzXY19sM0CkTr5r+Pxerdjy/vi8tPxeW34u1X3s/SmVSi9abX63HOnwz5kR8lgeFWVz3DZTbjzIRpMe8iH1y4uLA9Y5E/F4t8JFxvyfOXtdmrzRdiATgUC2aaJhPgymGQLzjwAGwLKWudcTaZTgcZCHjHdG1k7vyAf5OiHBI+JLQI9yEJntuEDwjbhF3CPTozIDwg3CXsEDp05h4+wzBcy6LylqP75zZWczA9DlpDqWI/YlBElsholGTqyJ8ETFDxOXHzLB4HSqMiKU+jcK6fC4/nUgWNW0gGEI6JVGXa8bFUU3Re82d+FGmXy/7SqEmoJpFOpSrU1r5S8kxjYj+dacTYT6Ebk1l4qnsK5qmeQOrrz/dP/I1ocf3ipcHOGU3XAg1wC4q9yHdE3uf5I+y8uol5/gxa9LHIh9ihLmPwYbAfqM8sMAe1eUD7aO2WpNkGe1j1JJiHYJZ1Ge2Vjp4KN9/nDOPcp9tosli+hlTpGq0nMh7DY1y2Vo5yJ8mm8iSrzprY4P0y3UFDunadLpplumg1pIuv+Mvp7njL8kO0f+v38A9EfF5JTapGtQHdIDhgG4VV8aW2dH5LRxhwW0rANqgJ2E1BAbWtKSC3ZAXcL5SFXjfFhVlt6gtDbUkMQ62rzPWMm89X/19fFavrYvXh5/fVLQ==&a=NZHbDcMwDMR2ybd/JL+GCbL/GhETGnDBw1mii/a+n8a5IqJFZIur/Tnr8+XqopuLMczFmOZiLHMxtrmYZnxdZ5YzdZK779Klfpj6YeqHx4lv6MTRdcKuB46Ty9P1kId+umGPb+pk78xwP53hfjkz662pn7z8DnTTXXh22dvuMrudp9v+DvDr/z+H87w=",
"255","public","掛け算リンク","2","IrOiRo","https://opt-pan.github.io/penpa-edit/#m=solve&p=zZTNbtNAEMfvfopoz3vwR5LaeyslIKSSQimqKsuqnNRtrTrZsrFp5aiVQu9InBDi2EMlJODAlbeJVLjxCp2ZDdibmAMHENp4NP55dz7s+WfyoohVwgNYns9t7sDyfJsuv40/e7F20jxLROv29fv57M23T2/nVx/mV1/mrz7z9SI/lkq0HqmtdFtyzrf6/DDOJokVLg5HVsg8xpkDl8uiy7J3GeKNF1nTcltMy30RRhe8fF65fuU+E1OwfTFlju8xEbJum/EuRovABGuInG6FXLuDyK0Rx0FSO+a6wTLxiECZv0invRynS/nre3yKHNRIoLPbFfJsOgYNawLdONTTHtkHZF2yO9AyLz2y98naZDtkN2lPj+wu2Q2ybbJd2rOGL82yQtenj1lfnf+L4FT0Do6SVl+qUZwxGAY2kdn+pFCH8TBhgoaIExsXo0GiDJRJeZqlY3NfejSWKml8hDCBdEzkqjC2D6Q6wOAVP4uzzDisdWKgYaqGmYlylRr3sVLyzCCjOD82wCDOQVeT4/TUjJSMc7OAPDbbj0/ipWyjquMLi50zukKXu13uwsueloEo13n5UE/wTzHy8ilI7bEo+6i0kDH4MDhpNK8uuL3K3aXn6G1o6Njg9xezDe4euPq97G/qQE9EWO5whnnu0Wl02Ui+hFLpGN0P5WgAzYSs9jr0k0lxIE+KxV4HpbOuy+01lOtV5aKry0WvoVzs4i+XG0QX+kPYf/Q39w/+Hs4XUpOqUW2AGwQHtFFYC661ZfIVHWHCVSkBbVAT0GVBAVrVFMAVWQH7jbIw6rK4sKplfWGqFYlhqrrKwsi6/Xj9/eZ6PruZz979+Dq7Aw==&a=PZNRrsQgDAPvst/9AAMtnOVp73+Nnbw4lSrFssI4qeDv73vF9+l7XH3Pq3+u1Oe2xtvLmrrLp+7Hmrq3NXUfa+ppqaOebt0vNWeRo+b+A+eYg1avs3ineg796UdVS2ZU9WSqCZ8dSvecPzz1nD/y1cpf+Jkbs0hKTb5kTg9++Wg5C0+9euDLfGZ5c8mUcv7I0fDM5Gi4hxwNn4Wtkf82eFJp/ok8J1WzOMw8/E+oLx+2pvtha3oG2Brlw1nVD2cWB728L56WdyRTy7tP5p/lo5d3wdPyLuTrNp98LfOpby45un2WnJcPT7fnhKfb88PT4547znqG0I85eHo8A2w95sDTdi48be8IT77PwZDvczDk+xwMPaXjrHehvkx4Op4B3suBMbiL/5q3IL+F0KPuaryLUz3BKZ9djvelFj94eTYfcXzfHw==",
"256","public","掛け算リンク","2","y888","https://opt-pan.github.io/penpa-edit/#m=solve&p=vZQ9b9s8EMd3fYqAMwe9xIrMLU39dEndtxRBIAiB7CiJEMlMKalJZTiAm71Ap6LomCFAgbZD134bAemz9Svk7uRGoq0OHRoQ/OP485E8ivw7e1WEKuIeNMfjJregOes2ddvsUzcXbSfOk0is3bz7VM3f//z6obr8XF1+r95+45tFfiyVWHvjeR7n/MmQH4ZJFhn+Ympg+MxhnFnQbRZclIMLHwdOYEzL52Ja7gs/mPHyZRN6TfhCTEGHYsost8eEz1zGXVwsAPE2kHgt0neWcmzTQgIF3BHLRGK1k9YpyW6Rnouk3yIuTbtbCKqyqLY90v9IbdIdKJ2XDulDUpO0R7pNOQPSXdIt0nVSl3I28PCG4dsuXUrTevc7xrsbHBxFa0Op0jBhcGUsk8l+VqjDcBwxQVfNiU2KdBQpDSVSnibxRM+LjyZSRZ0/IYxgOyZyVWjpI6kOcPGGn4VJok2uX7OGxrEaJzrKVayNQ6XkmUbSMD/WwCjM4e1nx/GpvlI0yfUC8lA/fngSLu2WNieeGeycUffBbS634WNPy74oN3n5qH5ovy3Dy2dgiMeiHKIffMbgYvAdkY1sCAdNuEu/Y7RVQ8uEeFjHLoR7ENbfZX+7Xuip8MsdznCfBzQbQ5bK11AqTaPxWKYjOIzPWp+j/iUrDuRJsci10BibdbmDjnKdplwM63Ix6igXT/GPy+0Hs/oizL/6M7oH858vrCZVp9sAdxgOaKexFrz2ls5XfIQbrloJaIebgC4bCtCqpwCu2ArYH5yFqy6bC6ta9hdutWIx3KrtMj8wbr5c/X99Vc2vq/nHXz/mtw==&a=TZLbCcMwEAR7ybc/pNXTtYT030bmcisTMOxw8Y1WJu/354rnVWe76uxXfV3Ja5iZzcPkWsnx+z5M7jt5s7vtCb69G7N9OHanmTweHCo1+Y5de2AV78bMTpXyvP/jKvOA06kyeeeP6zYv5oc3nP0jVUsyKdmJW5VOP6aP3IFzJO/iVj2MR/aQavbgU8t7SeH542YnM7X8PnGOmvtzjpqdpJrvTqq7G+eo28k56vbgVrcHt7rvjlvdnXt43DN42Mns8ePWsBO3hj24NY6H7zDdE7eme+LTcDdSw/clHye+x4Mjd/NPGs/nCw==",
"257","public","掛け算リンク","2","kaito1099511627776","https://opt-pan.github.io/penpa-edit/#m=solve&p=1ZRPb9M+GMfveRWTzz7EyZqmvo1RuIzyb2iaomhyu2yLltTDTdiUapPK7kicfkK/4w6TkIADV95NpMGNt7DHjwuZm3DgABJK/e2TT+zHjx1/M3tZCpVQ5uqfH1L4h2udhdi8MMDmLq/ttMgSvnbz5v968fbrx//qy/f15ef69Se6URZHUvG1Y5EWkrmDQY+xwOv3+wGl9PGIHohsljjRMlHsRMQnlDBoHokvquFFpG/82JlXz/i82uNRfE6rF00YNuFzPgcd8TnxWEA4jOwRGuhsMaTz2ijwW6jPWihcX0V+O73PQo2g+J/Ea5GeZw+DahnWvIv6ANVD3YYl0cpHvY/qovZQt7DPEHUHdRN1HTXAPn29KY4T+ebV2Vfv32P6bAz3D5O1kVS5yAgcCTKT2d6sVAdikhCOR4kim5b5OFEWyqQ8ydKp3S89nEqVdD7SMIHpCC9UaXUfS7Wvkzf8VGSZNdi4x0KTVE0yGxUqte6FUvLUIrkojiwwFgU4bXaUntiZkmlhF1AIe/niWKzMljcrPnfIGcEWedQDa8Nmz6sBrzZo9dCc4R+WpNVTMNwjXo203yJC4MXo84g29SAcNuEOPtfRpoHMhXhk4gDCXQjNvuxtmURPeFRtU6LnuYejdUhy+QpKxWF4P5H5GBYTkTvbYZ7Myn15XC77Mm2wDVPusKNcvylXh6ZcHXWUq1fxh8sdxOfmRbi/9bH7Cx+Rs6XVpOp0G+AOwwHtNNaSG2/ZvOUjPWHbSkA73AR01VCA2p4C2LIVsF84S2ddNZeuatVfeqqWxfRUd10Wxc7Nh6tv11f14rpevPv+ZXEL&a=RZRNjuwwEILv0ussYoh/cpZR3/8aQz1/nie1BCphKEe4f36+V/0+au1S09U+1+bqcGVuuMMf+BN+ND18wMcl35vHQ37hmWv+58/RzMwXfIUf/RsNufHTQ2781JnHQ535k50f9i/e2S0zdXaLnzo7xE+d3PhpMI+fxpln/8E+8dBk53hoNnh27keT3QaaoAaaoAa7BTXYP6hJbvK1jj6e6+jjudAnX4v7Jl8TTVDzaMrzaHKXyXcIavIdgnrZM/l6yU2+XvTJ14s++XrZM/laRxPPdTTxXEdTd+EbBrX4PkHf7Jl83+yZfN94Jt83+uSf3Drndvjzpy+t275LobU9nQ6bPv/j9Llmps+Fps+Fps+Fps+Fps+V77bvVWjjn0ybeXKcfm+es3S+0PS80HS1vE23y88PZ+PnjiZa8xYKTYfrnOlwnTPdq3PmjRSaN1Jo3kWheReFf57xM30u3J77T6J+318=",
"258","public","掛け算リンク","2","y888","https://opt-pan.github.io/penpa-edit/#m=solve&p=zZRNb9Q8EMfv+RSVzz7kpbv1+lbKPlzK8lZUVVFUZbdpGzVZF29CS1attPSO9JwQ4thDJSTgwJVvE6lw4yt0ZrIo8SYcOICQ139NfrHHYzv/nb3IQx3xATRPcJs70DxhUxfr+LOXbSfOkkiu3b55Xy7+//bpbXn1obz6Ur7+zDfz7FhpufZKCME5fzTih2Eyiyx/OTWwfOYxzhzoLgsui+Gljw9eYM2Lp3Je7Es/uODF8zoUdfhMzkFHcs4c4TFJqfqYLAAZDJA4bo1cRyBabxBvA0m/QXqUyJi2QYNEg4hWokFvJZFn22YiqNShevdI/yN1SXdgO7zwSO+T2qQ90m0aMyTdJd0iXSft05gNPBDL8l1B19RsvX+L4I0PD46itZHSaZgwuGg2U8n+LNeH4SRikj4QTmyap+NIGyhR6jSJp+a4+GiqdNT5CmEEyzGZ6dwYPlb6AJPX/CxMEmNy5QADTWI9SUyU6dh4DrVWZwZJw+zYAOMwA8fMjuNTM1M0zcwCstDcfngSrqyW1ju+sNg5o+673O1zFw57XgxkscmLB5U7fhqNF0/ARg9lMUIX+YzBxeCXRuZzIRzW4S69x2irgo4N8aiK+xDuQVidy/52leix9IsdznCdezQbQ5aql1AqTaPniUrHsBmfNY6jejPLD9RJvhzroHU2q3KHHeV6dbkYVuVi1FEu7uIPlzsILqqLsH/rL+wv/D2cL62mdKfbAHcYDminsZa88pbJWz7CBdtWAtrhJqCrhgLU9hTAlq2A/cJZmHXVXFjVqr9wqZbFcKmmy/zAuv14/f3mulzclIt3P74u7gA=&a=TVNbDsMwDLrLvvOR4OZ1lmn3v8ZgJu2kSiBkg5157/en6Hu1FaWtq7RXSb6HObU9k1ND3ebU9jJfBa2Zb9bUhzf8uDTUrBGiHh3kzPvxIM8ZhKjdvNMns5QPuJeZgOuZA7i+sbf9ceT80tByLyHa0efjT2/A8xARrmcOwvXMAY5On8g3UQ6u3F19uKyzD2F/4l3PWnRnXdRPvfjwW3XV/PHhemoY3p0e6Idzzu7dieiek4ju+YmYnpM5mO4d3P34i0/7MAfTvUOzeU7x5dmoYfl3oTd0Qz/O3uVe+mH5HeiHeTh9pj2JWJ6NePvTG9vz0Bu+T3mH703eWPYhYlsnxrmxLZ+Hx7kxath+B+KdxZzwzSsnfMPC8A0Lj7/8ouZswqi5uzBq7itMz/zz6ft8AQ==",
"259","public","掛け算リンク","2","y888","https://opt-pan.github.io/penpa-edit/#m=solve&p=zZRLb9NAEMfv/hTVnvfgR5I6eyslcCnhVVRVllU5qdtatbNlbdPiKJVC70icEOLYQyUk4MCVb2OpcOMrdGZsyd7EHDiA0Gb/Gv+8j1nv/JO+zAMV8iE0x+Umt6A5rknd7eHPrNtulMWh2Lh9+7Fcvvvx5X159am8+la++cq38uxEKrHx2nVdzvnjMT8K4jQ0vHqqb3jMYZxZ0G3mXxajSw8fHN+YF8/EvDgQnr/gxYsmdJvwuZiDjsWcWW6PCY8NGB/gYj7IcIjEbohtuUgss4Vsmma1R/UsRG6L9B0k/RYZ9Glai2xu6gtBXhZlt0/6gNQm3YXkeeGQ3ic1SfukOzRmRLpHuk3aIx3QmE08vmF4tkuX0m79/4vg/Y4Oj8ONsVRJEDO4VpbK+CDN1VEwDZmgcuDEZnkyCZWGYinP4mimj4uOZ1KFna8QhrAdE5nKteETqQ5x8YafB3GsTa7qXUPTSE1jHWUq0p4DpeS5RpIgO9HAJMjAH+lJdKavFM4yPYEs0I8fnAYruyXNiRcGu2DUPZvbA27Dx54XQ1Fs8eIh1GLLVrx4CqZ5JIoxesZjDC4GK41K2IZw1IR79B6j7QpaJsTjutwh3Iew+i4HO9VCT4RX7HKG+9yj2RiyRL6CVGkaPU9lMoHDeKz1Oao3aX4oT/N6rIXW2arSHXWk6zTpYlili1FHuniKv5zu0F9UF2H+0R/WP/h7uKitJlWn2wB3GA5op7FqXnlL52s+wg3XrQS0w01AVw0FaN1TANdsBew3zsJVV82FWa36C7dasxhu1XaZ5xu3n69/3lyXy5ty+eHX9+Ud&a=TZJdjsQwDILvMs95aL789iyjuf81FtekWqmSEQVM0n6/vxLPp+5e6h6lfkriexmL29NYcx9+Fa7LeIu/X8xVjW9hEiuPav0d/D9cUxM+qnY/GOHswxWa1D8Y6+UDa+SD7BY+UKcHT3kPL0z2DI56NOrcsnNkQzNuwu6jSXOOdkLeSUyaM7Wf7p7aTz+Z6tzMa9Kdr5105yubcTTRx5mBh3OUzbBX2XTfg+abqTyGeyqPaV4ZTO8a0p+cwNN3KB/LHeRj+YzyvRq9Z9ur9/i7s8Lr+wx8O0cc62h0D9u8Jtvn0mT7LJpvvrKb/5/Ia1fywSXOnzee3x8=",
"260","public","掛け算リンク","2","y888","https://opt-pan.github.io/penpa-edit/#m=solve&p=vZTPb9MwFMfv+Ssqn31InDbLfCujcBnl19A0RVGVttkWLamHk7CRqpPK7kicEOK4wyQk4MCV/ybS4Ma/sOeXQOo2HDgwWX56/vjZfo7fN+nLPJAhdaHZLjWpBc3uMuzM3MZu1m0vyuKQd27efiyX7358eV9efiovv5VvvtJ+nh0LyTuvXdellD4e0sMgTkPDq5f6hkdsQokFnRH/ohhceGpg+8a8eMbnxYh7/oIWLxrXbdznfA52yOfEchjhHnEIddRmPhjXVoQ1hJnmWgwzXUXcFcIsRazVoC5uBEn9IT0kW78J5GBhJgdoH6BlaPcgUVrYaO+jNdH20O5izADtPtodtF20DsZsqasahsccfIKm9e52rF5qMD0KO0MhkyAm8EAkFfEozeVhMAkJx4elyGZ5Mg6lhmIhTuNopsdFRzMhw9YpBUM4jvBM5lr4WMip2rzhZ0Eca4ur2tXQJJKTWEeZjLRxIKU400gSZMcaGAcZVHp6HJ3qO4WzTE8gC/TrByfB2mlJc+OFQc4Jdg+05VAGH3tebPOiT4uHUGgrAqHFUyj/R7wYqur3CIGHUXWE9cnAHTTuPs4rb6eClgn+sK5lcA/Arb7LaLfa6An3ij1K1Dn3cLVySSJeQaq4DMcTkYzhMh5Z+RzVTJpPxUlex1pKGP0q3UFLunaTrnKrdJXXkq66xX9Od9tfVA9h/tOv5w7Ef15LTchWtQFuERzQVmHVvNKWzjd0pA7clBLQFjUBXRcUoE1NAdyQFbC/KEvtui4uldW6vtRRGxJTR62qzPONm89XP6+vyuV1ufzw6/vyFg==&a=TZJRDsIwDEPvwvc+GrOu6VkQ978GNnEG0qQ8meSlrXi93oe+R8x9xDWOeBzFK4qVXc2sF8ys6zQ/mf/xmmZm6zLLab847VSWdmpncv7L8v9x2q8s7df+tF87c5mZZRZrz7ZHe9ov3/asfNuz8rWHDgyfmQ4M792a/TGGPcraSR8G7/llnmX/GNHOffvlRtRe+TCa5am7qALdz1nUG8qHaA5yvacqou6rCtSZtQeo88iHp/vpA5o5C8+yAvX+qreHDpzeSwdO9zDD9Oyp/I9n99A57eEcZr2b5u4e/l55/Un1vT8=",
"261","public","掛け算リンク","2","y888","https://opt-pan.github.io/penpa-edit/#m=solve&p=vZRPb9Q8EMbv+RSVzz7kzzbN+lbKwqUsL1BUVVFUZbdpGzVZF29CS1attPSO9J4Q4thDJSTgwJVvE6lw4yt0Zrwo62w4cKCy/Gj827E9tvPs9FUZq4QH0LyA29yB5vVc6q7dp24v2k5aZIlYu333sZ7//+PL+/rqU331rX77lW+WxbFUYu1NEASc86dDfhhn08QKF1MjK2Qe48yB7rLoshpchjjwImtWPRezal+E0QWvXjZh0IQvxAx0KGbM8ftMhKzHuI+LRSAbPhJ/iQQ9JP0l0veQBMskQOI2xHWcVo7r2e2c3joSx0BUEJxNE6jToWr3SB+RuqQ7cBheeaQPSW3SddJtyhmQ7pJukfZIfcrZwOuwrND16Zmatn6/Y3zNwcFRsjaUKo8zBo/IpjLbn5bqMB4nTNDjc2KTMh8lykCZlKdZOjHz0qOJVEnnTwgT2I6JQpVG+kiqA1y84WdxlhmT9fdtoHGqxpmJCpUa41gpeWaQPC6ODTCKC3DD9Dg9NVdKJoVZQBGbx49P4tZueXPiC4udM+oh+M/nLlz2rOqLapNXj/WH9ttEvHoGFnkiqiE6JGQMHga/IzKWC+GgCXfpd4y2NHRsiIc69iHcg1Dfy/62Xug/EVY7nOE+D2g2hiyXr6FUmkbjscxHcJiQLV2H/mVaHsiTcpHroDE2dbmDjnK9plwMdbkYdZSLp/jH5fajC/0Q9l/9Pd2D+c8XVpOq022AOwwHtNNYC669ZfIVH+GGq1YC2uEmoG1DAVr1FMAVWwH7g7Nw1ba5sKq2v3CrFYvhVssuCyPr9vP1z5vren5Tzz/8+j6/Aw==&a=TZJRDsIwDEPvwnc/Grej6VkQ978GNnGnSZPyFJIXM/h8vk3PK967xeotXq04o1i9dZh1wcy6hpk1L/Nk/8H5NrO3DrNmFutO2qmadqom9//Mur2rO3uZ2dvHkw3d+Td3t3fJ6M6j3j58sW8P3ej2yG2nfIjKJgei5tE1/+A488yAyoC+2X8w6h2qhzgc7Nf31R3EYWZG5dRNgL/Hn+kfdoacDx528g6GPXRj2EMfhjPTh+l5+u5d7mF6nnuYnucepjNwD9PvhBXTt1gx652r3h46cJ1d5r895Lfz8/Pi+jPq+f4A",
"262","public","掛け算リンク","2","kaito1099511627776","https://opt-pan.github.io/penpa-edit/#m=solve&p=1ZTNbtNAEMfvfopoz3vw2onj+BZK4FLCV1FVWVa0SdzWqp0ta5tWjlop9I7ECSGOPVRCAg5ceRtLhRuv0NlxhLOxOXAACTk7Gf88npn9+Dt9mXMZUmaqn+1S+Iery1wcluvgMNfXXpTFode5ffOhXL39/vldefWxvPpavv5Ch3l2LKTXOeFRJpg5GPQYc6x+v+9QSh+P6SGP09Dw14kCwyc2oYTBsEhwWYwufXVjB8ayeOYti4nnBxe0eFG7bu0+95Zgx96SWIwRzydWl1BHZQsgHRsoxJwN5PYxyqyRbfUwyt1AvUYu26nQrxehLMPiB2gfoLXQ7kFvtLDR3kdrou2h3cWYEdp9tDtou2gdjOmr2RmGb1d7oF+9/4+pTR7Nj8LOWMiExwT2lqQinqS5POSzkHh4JiiyRZ5MQ6mhWIjTOFrocdHRQsiw9ZGCIZRriZ8KOd/KfsbjWAOVEDQ0i+Qs1lEmI+2eSynONJLw7FgDU56BaNLj6FTPFC4yvYGM6y3yE75VLannfGGQc4LDt6gFKoXlXhYDrxjS4iGc2Q110eIpaOeRV4yVdHxCYGvUiUTFWeCOancfnytvp4LMBH9c+Q64B+BW6zLZrRI98fxijxJV5x6+rVySiFfQKr6G9zORTGEyPtlYjupJms/FSb6OZUpiw6rdUUu7dt2ucqt2ldfSrprFX253EFxUG2H+0XfrH3xGztdiE7JVb4BbJAe0VVpr3lAX8IaOVMGmlIC2qAnotqAANTUFsCErYL9Rlsq6LS7V1ba+VKmGxFSpTZX5gXH76frHzXW5uilX739+W90B&a=RZPRrcMwDAN36bc/EjJ2nFmK7r9GqedzHxCAhHCiUil9vz+tnpfOs+lUO19teXW8Ujfe8Rf+it9Mjx/4EX/j7yaf+CeZx783malJMFGZzMyXn+WToYt6+nSRH1bXZpLZyQyrTj2sBvlhNWDCapATVjf1sLqZFVY3TFiNiZ9Nk12lTxMmfZrMTZ8e5obVw35m8eyw/ENvaprMjWpuPvvc+cn2wXsm2wf8E37nx/vgHZLt3LJ89Zm7VJ9zg+WTqZVZrLl7seZ2xZp7FWuTE9Zac0utXU+v1q5KLWZF7fUNlP7yk21uWtnu1K+qr139+Q6TmvkeSs2tK8PcujLc141KzbdR6k5m1J2cqDu/JfqblWwP3jm68tefpp7PFw==",
"263","public","掛け算リンク","3","kaito1099511627776","https://opt-pan.github.io/penpa-edit/#m=solve&p=7ZS/bts+EMd3PUXAmYNIyZKlzU3965K6/1IEgSAEtKMkQmQzpeUmkJEAbvYCnX4oOmYIUKDt0LVvIyDt1lfI8WTAoqQOHdqpkHk4fXw8Hil+b/5qIVRCGdc/p09tyuBxAxeH4/dw2OtnN82zJNy6e/uhXL37/vn/8vpjef21fPOFDhb5iVTh1qlIc8nsIOgx5nHf9z1K6ZMRPRLZPLGidaLYiohDKGEwOImviuFVpF+c2FoWz8NlcRBG8SUtXm7c/sZ9ES7BjsIlgQVICDM5oZ7OFkO6wG4ix24j5mjUrxGOqeoxTtCMcZEYiXzenOb3G8S1WXOayxDVcrscK6rHOFhRPabX2ojrtZGPmTYIDovhke2j/Q8tR7sLJ0oLB+1DtDbaHtodjBmi3UO7jdZF62GMr7+JZUWOizen/fT+cf3oKz88PE62RlJNRUbgppO5zA7mC3UkJgkJUSEU2WwxHSfKQJmUZ1k6M+PS45lUSedfGiawXEf8WKrDRvZzkWUGqNqCgSapmmQmylVqvAul5LlBpiI/McBY5NBC5ifpmZkpmeVmAbkwSxSnorHadLPnS4tcEBwRp9yjHI57WQRhMaDFI9BCrdfQ4hl0ksdhMdKNJCIEPo2+6dh/OLjDjbuH/2tvu4LMBn9U+R64++BW53KwUyV6GkbFLiV6nQc4W7tkKl9DqTgN3ydyOobNRKR2HNU/88WhPF2sY5mW7qAqd9hRrrMpV7tVudrrKFfv4g+XG8SX1Yewf6uL/4X2dLEWm1SdegPcITmgndJa85a6gLd0pBdsSwloh5qANgUFqK0pgC1ZAfuFsnTWprh0VU196aVaEtNL1VUWxdbdp5sftzfl6rZcvf/5bXUP&a=PZXbbcQwEAN7yfd92CL9qiVI/22EPI0MHEBiYe2ObFH3+/v36e9nXPqMy5/95zP9/eCd+oE/4k/8GX/hr894hL9TX2vjn9XzSc9t+ui4d/weP/Ajnj7RcbM2Om4YotrW2iee+pOeD/V4bXCmNh76R7XdeMXDGcbxrD7Z47PWZo8Pe4yOZ63tvtbaMsx9VbXPtWXUPteWUWOylUtj8mi7Xp6vH3Pv5dKYPNrbh+frBz1T02Dtnr3s8119/ZhsrWlffcIgGMIorZ6ZK+aGUaJ/GCX6h0uiZ7g02GP05QmLDEPmy8zNzHdW5sj0yRwdzM0cHazNHJn3GZVhjsr0icqsjeqgZ+brXGvDea614TSc9efqEwazx+jLFi6dy6fnRc8jPQ/2Xn/RPzUd9I/qoGf0ZQuXyE65RHbKouRk+vLz3urJS2siL+USWSiXbnqGRRf7iuqmZ7Iscv315Lo1JSfTh3/xhEXktypyURaRi7KIXJTlZchMb8zKHJPNzjF5VPIo8ljvnPvpw8wdUhX3RvVlyHyvLGS+c9brnax5m/WvJ3eteVvP6GUrl8ljuUwey2LyWDX3Q9X7fFdVJ4fTZxbnv1wmj+UyGSyLyZf39NxXPV7wpGbNPZbLZLBcJoNOBj14vp48tmbuiqrJS7lMRsplslkuk81ymTNfFh/sMSzW/F7Vlycs79zMMWfeyeM7q57z35kmj51p8tiZ5px3pg/qUR98i6i5H6rmfqg62Zs+Pclj1Zz/cjlnffowk8HqyxMWc+bL4pM+UZ+rnj4ne4maO6Fq7oSquQeqL0Pmm9xVzX9o1dwD1ckw/4T7+/sH",
"264","public","掛け算リンク","3","kaito1099511627776","https://opt-pan.github.io/penpa-edit/#m=solve&p=1ZRPb5tMEMbvfAprz3tgwcY2Nzd1e0ndf66iCCFrbZMYGbx5F2girERyc6/UU1W9xxwiVWp76LXfBintrV8hs4Mle4EeemilCu94+DHMPsvykPyXcRlQZqqf3aPwD0eb9XBYPQeHuT3GYRoFbuvu7f/F5t33z++L64/F9dfizRc6yNKFkG5rycNUMLPf7zDmWN1u16GUPh3REx4lgeFtG/mGR2xCCYNhEf8qH1556sT2jXX+wl3nE9fzL2n+apf2dulLdw1x5K6JxfrE9YjVJtRR3XxoZzk15NgKMWsPdRE5e6TXqRbZjFWK7HZbbw46GKo5xvgIo4VxDGJpbmN8iNHE2MF4iDVDjEcYDzC2MTpY01XLNQzPLjdFPzr/HlO7PpyfBq2RkDGPCGw2SUQ0STJ5wmcBcfElochWWTwNpIYiIc6icKXXhacrIYPGSwoGMF1D/VTIeaX7OY8iDZTO0NAslLNIR6kMtXMupTjXSMzThQamPAUXJYvwTO8UrFJdQMp1iXzJK7PFuzVfGuSC4PAsaoFt4XGv876bD2j+GN7ZPbvR/DmY6Ymbj5SXPEJga9QbiRa0IB3u0iO8rrKDEjIT8lGZO5AeQ1o+l8lh2eiZ6+VjStQ8D/BulZJYvAapeBuez0Q8hcV4ZO9xlFeSbC6W2baWKYsNSrnDBrn2Tq5KS7kqa5CrVvGH5fb9y3IjzN/6kP2Fz8jF1mxCNvoNcIPlgDZaa8tr7gJe85GasG4loA1uAlo1FKC6pwDWbAXsF85SXavmUqqq/lJT1Symptp3mecbd59uftzeFJvbYvPh57fNPQ==&a=PZNbqsNADEP3cr/zkZHmlbWUu/9tVGZOCgWJIB87rfr5/F/1+VNrl5qu9ncdr4FXnhvv+I7v8W9mxE/8jF/4Fb/xO/7BP5cMM3tkniuzYrZ8v/HhCE5UevPFIROVGz73m3eJqnNbdqrDz04NbsgeDd4rWU2YyWrCTFaT2WQ1uSdZLWaT1WRvVBN+VIvZMLRhhqFNfiW/yJff3Jxn2sxmjzZ7w9MDJzw9/BbhacOJanNbVPvN5Dt/+A6zxzfvmz2+X+aO57bs8c1s9vhmNgzTjWKYbhTDdKMYphvFMB0ohtvZW+p07vjM0r1imz4U23Sg2KYDxTYdKLbpVTFMr4rhDj8M9/NexXAnH4Y794dhelIM05Ni/GYz50Emc+7cHDV9K/1xwjAdK/UgH/UgHz3M86esz/8X",
"265","public","掛け算リンク","3","城スタジオ","https://opt-pan.github.io/penpa-edit/#m=solve&p=vZRLb9NAEMfv/hTRnvfgR+o0voUSuJTwKqoqy4o2idtYtbNlbdPKUSslvVfihBAHDj1UqgQcuICExIexKNz4Cp0dW/jJgQPVakezP+/OzD7+Dl/GTLh0E5qxSVWqQTO6OnZd7WNX87bjRb5rdW4u3qWr1z8/vknPr9Pzz+n6Ex3E0ZwLq/Pj/UW6/pquv6frL+n6mlL6eET3mR+6ip1HcRSbGIQSDbpOnLNkeGbLgeEoy+SZtUzGlu2c0uRF4W4W7nNrCXZkLYlmGsTClaYM5oDpqZKYZdKrk363RnQVV5XiwJaRlCfp9WS6gYHKpIvJ/hCoU8Nq99A+QKuj3YHN0MRAex+tinYD7TbOGaLdRbuFtovWxDk9eRyKYusm3ljRNu52LG9zODtwOyMuAuYTuEQScn8cxmKfTV1i4eVTZIs4mLiignzOj3xvUZ3nHSy4cFs/SehCupb5Ey5mtejHzPcrIHvsFTT1xNSvokh4lTETgh9XSMCieQVMWATSCOfeUTWSu4iqBUSsWiI7ZLVsQbHnU4WcEOw2iNGkOhz3MulbyYAmD+GplWREk6cgkkdWMpIasQmBq5EvCd+jDu6wcHfxu/S2Mqip4I/ytwvuHrjZuYy3s0BPLDvZoUTmuYerpUsC/gpKxWU4nvJgApuxSek4si9hPOOHcT5Xk9IYZOUOW8o1inKlm5UrvZZy5S7+c7l95zS7CPWfflB3IP+TXGxctOoNcIvkgLZKK+cNdQFv6EgmbEoJaIuagNYFBaipKYANWQH7i7Jk1Lq4ZFV1fclUDYnJVGWV2Y5y8+Hy19VlurpKV29/f1vdAg==&a=TZJRDoMwDEPvsm8+GlNoe5aJ+19jNnGmSkh+SrFxtn6/z6HnE9c44ppHfI7ke5k5u4qpd0uW3mGmjtMMzjce3czZuMzMmfYO5oyNJz0vK7NYOc5U3rzNzBvF1MHeL1OnO+s7y15lL/eZ9FaOeNlLH5r70IfmzvKtYr1vr7S8S17/PuLIHM0QuYuyEdlH2WiZI0XLHCla/hdStNxFCjgzlLkxnM/v/PP5Ls5izlHMvc7cRefoxX2bk7u78Ry6Ey+zZy9mT98NncP3R5rzvFx6nh8=",
"266","public","掛け算リンク","3","y888","https://opt-pan.github.io/penpa-edit/#m=solve&p=vZTNbtNAEMfvfopoz3uw14lxfAslcCnhK6iqLCtyErexamfL2qato1QKvSNxQohjD5WQgANX3sZS4cYrdHYcyVnbHDhQrXY0+/PszuzH38mbzBcBtaGZNtWpAc3sMuxM72PXt20cplHgdG7ffy42H359+1hcfSmufhTvvtNBli64cDoXtm1TSp+N6JEfJYHmbqd6mktMQokBnRHvMh9eunJgetoqf+ms8onjemuav65cu3JfOSuwI2dFDMskjku6hFpyMQ+M1WuQfp3YjZi+VSNMNxqkEcO6DVLPxUxWJ716zaxnKwQ2Z+AWD9E+RsvQjuEEaG6ifYRWR9tDu48xQ7QHaPfQdtFaGPNAnqGmuczCu61a737H8gkM58dBZ8RF7EcEbp4kPJokmTjyZwFx8MVQZMssngZCQRHnp1G4VOPC4yUXQesnCQNI1xI/5WJeW/3MjyIFlLJQ0CwUs0hFqQiVsS8EP1NI7KcLBUz9FESULMJTdaVgmaoFpL5aon/i17LF1Z7XGjkn2F2QrUUZHPcq7zv5gOZP4KntaI/mL0BZT518JIXlEgJXI18S6pGBO6zcA/wuvb0SGjr4o9K3wD0EtzyXyX650HPHzceUyDwPcbZ0SczfQqk4DcczHk9hMy7ZOY7yS5LN+Um2jTWkNAZlucOWcs2qXOmW5UqvpVy5i/9cbt9blxeh/9Nf7R7kf74VGxetegPcIjmgrdLa8oa6gDd0JBM2pQS0RU1A64IC1NQUwIasgP1FWXLVurhkVXV9yVQNiclUuypzPe326/Xvm+tic1NsPv35ubkD&a=TZNdqkMhEIP30mcfNP6Naynd/zaa3ImnF4SEofnMyOn7/Sk6rzajtHlKe5X0u9pztuylq9lTd7enrvHze9pztq6n7m1P5uXLh5lbTPx8mK9ZmK87w0zdE2aKHe4v3nE2lP3njzninWUvzvXUywy+w8OMgurOZKO6A3mozop3nJUe5v88sy2zYqDmvlK07CYeWmbFQ71+0ydHCphDHpBvJQaQfcRA8++paNlfiu57yUB3lgzAHahAvo8UPfcSG919II47yA8zOXv4ZKObSUU3k4phJtkY7kk2hnuSh+nsYHY4Kz+9I2eY5pAHfa9/nvteDhmYzlKfLHOY3oWa2fwT6Hy+",
"267","public","掛け算リンク","3","y888","https://opt-pan.github.io/penpa-edit/#m=solve&p=vZQ9b9NAGMd3f4rq5hv80jiOt1ACSwlvRVVlWZWTuq1VO1fONi2OUil0R2JCiLFDJSRgYOXbWCpsfIU+z+OAfbEZGKhO99dzv3t7znd/py/zQIbcgWI5XOcGFGvTpGrqA6r6quxEWRy6GzdvP5bLdz++vC8vP5WX38o3X/kwz46FdDdeO47DOX885odBnIaat5rqax6zGGcGVJP5F8XowsOG5Wvz4pk7L/Zdz1/w4kUdOnX43J2Djt05M3oD5nqsx7iNi/kgfRsJLP6HOAaSzQYZ9JEYZo1MQ0fUJBZNs5uEpjkN0rMUAlkZlNse6QNSk3QHUueFRXqfVCftkW7TmBHpLukW6SapTWP6eHhN80ybLqUuvbtt492NDo7CjbGQSRAzuDKWing/zeVhMA2ZS1fNic3yZBJKBcVCnMbRTB0XHc2EDDu7EIawXcf4iZAHa6ufBXGsgOo9K2gayWmsokxGSjuQUpwpJAmyYwVMggxef3ocnaorhbNMTSAL1BSDk2Btt6Q+80Jj54yqB36zuQmfe14M3GLIi4fVu/5tGl48BUs8cosxOsJjDK4GXxIZyYRwVIe71I/RVgUNHeJxFdsQ7kFYfZf97WqhJ65X7HCG+9yj2RiyRLyCVGkatacimcBhPNb4HFVPmh+Ik3w11kBrDKt0Rx3pWnW6GFbpYtSRLp7iP6c78BfVRej/9Du6A/ufr8wmZKffAHdYDmintVa85S7gLR/hhm0rAe1wE9B1QwFqewpgy1bA/uIsXHXdXJjVur9wq5bFcKumyzxfu/l89fP6qlxel8sPv74vbwE=&a=TZPbrcMwDEN36bc/bPo9S9H91yhZUbkXCMADwTqSm+b9/hQ9rzZvaauW9irBuwWrtpKZC2bm6mbmGmbmXsGbvekRH/dunt8+Lz7TrN5kZnoOHdkrvp6rvpNnmGebmeeYmYf3+fEtqN6HDlTPusxrDxnVHtZQ7bms3T9GtVO1myx//IZKtNhZM9FiZ81EC7/moEWv5gDZSw9iTzR5/jHsZO3x0w3EXeQG7KQb3b10o/s83ejehz4gmZ5uD33o3pM+dO/GfJz0YcR7lA/DvXSgx++pfDyDc4d3EE/PZQ0jWR476cOwh4mRHt5xxLtQYvi+TPi/KjemPUxM78bEtJOJaScT004m9A38WE7fnRn++Gj0fL4=",
"268","public","掛け算リンク","3","y888","https://opt-pan.github.io/penpa-edit/#m=solve&p=vVTLbtNAFN37K6JZz8KPxHW8CyWwKeFVVFUjK3ISt7FqZ8rYpsVRKoXukVghxLKLSkjAgi1/Y6mw4xd65zrgjG0WLKhGc3TnzOOe8Z3j5GXmi4A60CyH6tSAZnVN7Kbex65v2n6YRoHbuXn7sVi/+/HlfXH5qbj8Vrz5SgdZOufC7bx2HIdS+nhEj/woCTS22eppjFiEEgO6SbyLfHjB5MDytGX+zF3mY5d5K5q/qEKnCp+7S8CRuySG3SMuIw6htjzMA9hBxt5iHKvO9HdqjGmYdcbUJQMi/zBWPZfZNZRdIMpAaYeIDxBNxH1QTnML8T6ijthD3MM1Q8QDxF3ELqKNa3bk3TWNmTbWpGq9ux3L0g1nx0FnxEXsRwQqRhIejZNMHPnTgLhYaYrcIosngVCoiPPTKFyo68LjBRdB65QkA0jXsn7Cxax2+pkfRQpRPmeFmoZiGqlUKkJl7AvBzxQm9tO5Qkz8FB5/Mg9P1ZOCRaoKSH1Von/i17LF1Z1XGjkn2BnYzaYmfO5l3nfzAc0fls/xt2do/hQc8cjNR9IQjBAojXxJ6CMTwmEVHuC8jHZL0tAhHpWxDeEhhOV3Ge+VBz1xWb5PicxzD3fLkMT8FUjFbTie8ngCl2Fk63OUM0k24yfZZq0hrTEo5Q5b5FqVXBmWcmXUIlfe4j/L7XurshD6P/2N7sD+5xuzcdHqN6BbLAdsq7U2fMNdwDd8JBM2rQRsi5uArRsKqKangGzYCri/OEueWjeXVFX3l0zVsJhMte0y5mk3n69+Xl8V6+ti/eHX9/Ut&a=TZNbDsMgEAPv0u98gCEsnKXq/a9RO2topUgebZ3hofT9/lx6XvWOq97zqq8reSwzZ/dm5ijJylHNzAEzczQzc3Qzc9xmZnCNh+kMO5VhpzLsVIadyrBTGXYqp50xfn7x9LkmndNO8bJTs7mZueyc9M8/XnQ9rLU2y++1uA6KzyL38j6ZKO7TjeI+fSje2+Js/RjFd67Z2ryOH0WedD5c0yk3avblBnaf7yLvFrWw88fIO9EMdTM4z/3LDdhJ93HSd95lF837YRfd/sZOc0fc8541Q9vcyF6LiZZ3rkT3uehGz/uRG91O5nGyC3+r6qJv5n78rep3+BtW5jz/BHo+Xw==",
"269","public","掛け算リンク","2","kaito1099511627776","https://opt-pan.github.io/penpa-edit/#m=solve&p=1ZS/bts+EMd3PUXAmYMoRZKtLU3dLqn7L0UQCEJAO0oiRDJTSm4CGQngZi/Q6YeiY4YABdrf0LVvIyDt1lfI8WTAoqgOHVqgkHk+fXQ8nk78sng95zKhzFY/d0DhH65NNsDhDHwc9uraTcssCTfu3n2sl++/f/mvvv5UX3+t3/5Pt+bliZDhxilPS8Hs4dBjzHeCIPAppU/H9IhnRWJFq0SxFRGXUMJgOCS+qkZXkbpxY2tRvQgX1UEYxZe0erV2B2v3ZbgAOw4XxGGMhDDTIdRX2WJIxzwDOWaU5yrktwnO00hgkGGXBJtG6oERNMRE7SDXNkpybaNw18HsrVSuZ87rFAWtYdigfbSP0Dpod6F/tHLRPkRro/XQ7mDMCO0e2m20m2h9jAnUF7CsyG32iX55/x5TG3F0eJxsjIXMeUZg/5FCZAfFXB7xaUJC3LcU2WyeTxKpoUyIsyyd6XHp8UzIpPeRggks1xM/EfKwk/2cZ5kGGrFqaJrKaaajUqbaPZdSnGsk5+WJBia8BGEXJ+mZnimZlXoBJddL5Ke8s1q+fudLi1wQHJFDHThJoN2LahhWW7R6DFu2dQLQ6jno+0lYjZW8I0Lg06gdiaeCA+5o7e7hc+VtN5DZ4I8b3wd3H9ymLwc7TaJnYVTtUqLWeYCzlUty8QZKxWl4PxX5BF4mIq12NE+K+aE4na9imZLYVlPuqKdcd12ucptylddTrnqLP1zuML5sPoT9W2frXzhGLlZiE7JXb4B7JAe0V1orbqgLuKEjtaApJaA9agLaFRQgU1MADVkB+4WyVNauuFRVXX2ppQyJqaXaKoti6+7zzY/bm3p5Wy8//Py2vAc=&a=TZRhbuwwEILv0t/7IwE7ts9S9f7XKPP8Oa9SJNCIAM6O9/v751PPl+77o1uf++uzuTpcmRvu8AZv4UfTo1/wkfn8z33DZ+ZHs6K/Ng9KaIIynsmX0cdbjQ7xU0PjdPOZh7cHnp6mZ1CNPvFWwzPe6rwbb/UBj6ajiZ8eerac5fgUf+gcPz34xE+d3KA6PYN68EyOOj7BNys5Grwbbw3efXKu4198cMb4aTIf9S59ik98MtPgNw1qHH16nqzkaNIh3hp8h6AWnsnRYh5vTboFNekT1DyavDs5Y9AXHZKjxfcMvv4rPgufcF/0ycz30VcfPINaR7Oi35pCX9uz0Oxn5fvaZy/0tc9e6Otokst+Vr6FPvkW+uy/2f9/XPu8NbN2t8o0d8F39T+acNMzM3MvKtPscGXa6JNp7mChtb9P4ZubTLf9bSvT3JHKcaNncsx9qRxndzdPh06HVvo/nB2umdnhynn94212uLzNDpe3uRfl7U63oLlrha9/vN05V9DcwcLXP97mDhZu//2nVc/PLw==",
"270","public","掛け算リンク","3","y888","https://opt-pan.github.io/penpa-edit/#m=solve&p=1ZRNb9NMEMfv/hTRnvfg18T1LZTApYSXp6iqVlbkJG5j1c6WtU2Lo1QKvSNxeoQ49lAJCThw5dtYKtz4Cp0dpyRrmwMHkJCzk/HPs7Pj8f43fZEHIqSGLn+WS+EfLttwcZhuF4e+vvajLA69zs2b9+Xq7bdP/5eXH8rLL+Xrz7SfZzMuvM4r13UppY+H9CiI01Bj66m+xohFKDFgmMS/KAYXTN5YvrYonnmLYuQxf0mL5xvX3bj/eQuwQ29BTMMlHiM2oV2ZzIdsllMntt4gGGNuk0YeBwkU+ZP0MI+xNc3SESnEbAQZvXqQaUvibBHbakyzG9McDOreEeiBgZ04RPsArYl2HxpFCwvtfbQ6WgftHsYM0B6g3UVro+1iTE+2WtOYVW0B9XL+PSZ33GB6HHaGXCRBTGCjkZTHozQXR8EkJB5uUIpsnifjUCgo5vw0juZqXHQ85yJsfSRhCMu1xI+5mNaynwVxrIBKhwqaRGISqygTkXIfCMHPFJIE2UwB4yADzaaz6FTNFM4ztYAsUEsMToLaasnmnZcaOSc4mElNOCSg3Ytixyv6tHhYqehO6rR4CkJ+5BVDqWNGCHwauSNR/ia4g417gM+lt1tBQwd/WPldcA/Brfoy2qsSPfFYsU+JXOcezpYuSfhLKBWn4f2EJ2N4GUa22lE9SfMpP8nXsYaUWL8qd9BSrrUpV7pVudJrKVe+xR8ud8dfVh9C/61D9C8cI+drsXHRqjfALZID2iqtNW+oC3hDR3LBppSAtqgJaF1QgJqaAtiQFbBfKEtmrYtLVlXXl1yqITG51LbKmK/dfLz6fn1Vrq7L1bsfX1e3&a=RZRRjsQgDEPvst/9aG0o7VlGc/9r7MtiWKlSrCh5DkyYz+d71Pej6zp06bh+jqnVo4W+oxs1K4/WE93Jr5obPaIHetU8h7z4L73nv7anJie3aJh+o2G21OOpFg683UufnNmIaumFoZ4aGGpXNGdcnEZvS2/pnpnJqYfTaoacq/SdeciprXpmuxcT3zu++KvnXETdqe/Fz72VvuNFTj1exD0Ps2iEib9GmHhqhIOnRnrx0ZN5YOtJ76je3EPpJxxyGqknbi989GSGwZzLq/STmfHUGyaeelODp97Mg4/ecOD5jBcMvblP4ubA8LXyA73y9GZXfZ5wZv5Ps5dTX+j5m5aPz3mWij5XTUOvmk79PEt5WqnB03kL5em8hfJx9r98rNVbc6482pmN3ObD3kx41ryfipsJzy0zw3DeTkVn5ys6O2n23Hkjfzo7Xzln5ys6O19x89lzs9NbZ+crt/nwnB2uaPZ16qpPL9HZ24rO3laczPlnU9/3Fw==",
"271","public","掛け算リンク","4","stranger_86952","https://opt-pan.github.io/penpa-edit/#m=solve&p=vZQ7b9RAEMd7f4rT1lv4cefY7o5w0ITjFRRFlnXau3MuVuzbsLZJ5FMiHemRqBCiTBEJCSho+TaWAh1fIbNjCz8pKIhWO5r9eXZn9vF3/DplwqcWNMOiKtWgGUMdu67a2NWy7QdJ6DuD23ef8u37n18/5Fef86vv+dtvdJwmx1w4gzgRbL3yxcwy7ZFOKX06pUcsjH3FLRfxFJcYhBINuk68y2xy6cqB4Smb7IWzyWaO613Q7FXlWpX70tmAnToboo0s4uBMUy7mgdkxJNHrxGzHWDvtGBtjzIromiqJVSc4y64RA2OGdTJqkyGSP7mgcA3LP0T7CK2Odh92RzMD7UO0KtoR2j2MmaA9QLuLdojWxJgdeT6K4uom3mDVRvc7ltc7Wa78wZSLiIUEbpXEPJzFqThiC584+BoosnUazX3RQCHnp2GwbsYFqzUXfu8nCX1I1xM/52LZWv2MhWEDFI+/gRaBWIRNlIigMWZC8LMGiVhy3ABzloBU4uPgtLmSv06aBSSsWSI7Ya1sUbXnC4WcE+wuiNOkOhz3JrOdbEyzx/DUarqi2XNQzRMnm0rRuITA1ciXhGrQwZ1U7gF+l95uATUV/GmpHHAPwS3OZbZXLPTMcbN9SmSeBzhbuiTib6BUnIbjBY/msBmX1I6j+BKnS36SlrGalMa4KHfSU65RlSvdolzp9ZQrd/Gfy7W9i+Ii1H/6Y92D/M9LsXHRqzfAPZID2iutknfUBbyjI5mwKyWgPWoC2hYUoK6mAHZkBewvypKrtsUlq2rrS6bqSEymqqvM9ZTbL9e/bq7z7U2+/fj7x/YO&a=TZJRjsQgDEPvMt/9aAw0cJbR3v8aYzemW6lSLDd5MYjv9+/Q94kxjxjriM9ROk9rehmlL9YL/zqbNb3s1vSul85hTS8vazHNl57ma0+ar7r5Yk/PijfTml5uzTqdX7zlWc0tnufW6tl6HjidgXM4nUFzy/lVl/OrLmdgxWkO2YjiiIeo/OIhKoN6AfewF1G7VJ9+9gK1C5H0i39r1LnkIbZm5s0EOTBHunkvPbQ6i9hodVfioTtDY5720t0cemhbk9PNIRvdOclGrztBE/+lu3fRe/ZyJ4azcQ+GmWQ/TPKg93drnt1vUnNPP/+XX49X398P",
"272","public","掛け算リンク","4","y888","https://opt-pan.github.io/penpa-edit/#m=solve&p=vZQ9b9NAGMd3f4ro5hv8kjjObaEElhLeiqrKsiIncRurdq6cbVocpVLojsSEEGOHSkjAwMq3sVTY+Ap97nEk52wzMFCd7q/nfr6X517+Tl5nvgioA8VyqE4NKFbXxGrqA6z6thyEaRSwzu37z8Xmw69vH4urL8XVj+LddzrM0gUXrPPWcRxK6dMxPfajJNDc7VBPc4lFKDGgmsS7zEeXrmxYnrbKX7BVPmGut6b5qyp0qvAlW4GO2YoYfYMwl3QJteVkHkjfrpOB1SBOjcCu6sSojzLNBumaddJr9LHVDCFxA9M/Qn2EaqIewO5obqE+RNVRe6j72GeEeoi6h9pFtbFPX56PprmmjfdWld79tuX1juYnQWfMRexHBG6VJDyaJJk49mcBYfgaKLJlFk8DoaCI87MoXKr9wpMlF0HrJwkDWI6wVGRK9ykXczl5xc/9KFIGlw9eQbNQzCIVpSJU2r4Q/FwhsZ8uFDD1U7BHsgjP1JmCZaomkPrq9v1Tv7ZaXO14rZELgtUFQ9rUhMNe5QOWD2n+GB7ajqto/hw884TlY2kZlxC4GPmO0GkmhKMqPMTvMtoroaFDPC5jG8IjCMtzmeyXEz1jbn5AiVznAY6WIYn5G0gVh2F7xuMpbMYlO8dRfkmyOT/Ntn0NaYxhme6oJV2rSleGZboyaklX7uI/pzvw1uVF6P/0v7oH819srcZFq9sAtxgOaKuxtrz0lsobPpILNq0EtMVNQOuGAtT0FMCGrYD9xVly1rq5ZFZ1f8mlGhaTS+26zPW026/Xv2+ui81Nsfn05+fmDg==&a=TZNRDsMgDEPvsu9+gAsEzjLt/teo3Ziu0iQ/ZfCSaOz7/R36fGqfR+3rqJ8jOYqZtWFWjmpmDpiZ4zQzRzMzRzczI8x0br942hnMsFM87VQtNjOnnUF/vHgOs3ptZk7uczP7T++onstO9Vn2THlevOyRe9lDH4rnpw/F88u3vLtyO+VY3l25PUt37RHX9MiHmrOhdJ7JGW6u6VENZXOQ06lEyR2VgJ10A3ZW/P1i5MxyA77Le0D+FsrnLs/i9Dw8i2b/qXrue3PzGdbQPCfv4dzMXs296EC3v7FXe3H3bKyhbZbfvZhPL/aB37Dc8FuV+/Hwe/g9K/NM/gn0+V0=",
"273","public","掛け算リンク","4","kaito1099511627776","https://opt-pan.github.io/penpa-edit/#m=solve&p=zZQ9b9s8EMd3fYqAMweJsmWJm5u6XVI/fUkRBIIQ0I6SCJHNlJaaQEYCuNkLdCqKjhkCFGifoWu/jYG0W79CjicDNkV16NCioHQ4/UTyji//m70qhUppBM0PqUs9aH7o4ht29OOu2m5W5Cnfunv7cbl49/3L++X1p+X11+Wb/2m/LE6k4lunIiuk50ZR1/MC1uv1Akrpf0N6JPJZ6sSriRInJj6hxIOXkeSqGlzF+sNPnHn1nM+rAx4nl7R6uXbDtfuCz8EO+Zx4YZfwGKaggZ4sARP1LBI1CHM7TeJ5FgksEjYJs/r4rkWsUR2rT8fKsMuaJLAyDHyLWLF6zf1hoRU9tGJFVqyouWO+24zuu2YsOCIPD2of7SO0DO0unCOtfLQP0bpou2h3sM8A7R7abbQdtAH26emb4DgxC/G2brbuv0X0VR8cHqdbQ6kmIidww8lM5gezUh2JcUo4KoMim5aTUaoMlEt5lmdTs192PJUqbf2lYQrhCC9UaXQfSXWoJ1/zc5HnxuC6EBhonKlxbqJCZca3UEqeG2QiihMDjEQBhWN2kp2ZM6XTwkygEObyxaloRJusV3zpkAuCb8woCyiDzZ5XEa/6tHoMV3GjwtDqGdSPJ7wa6vIREwIHo28aVh0G7mDt7uF/7W3X0HPBH9Z+AO4+uPW+HOzUEz3lcbVLiY7zAEdrl0zka0gVh+H3WE5GsJiYbGxH/WdWHsrTctXX09Lp1+kOWtL11+lqt05Xey3p6lX84XSj5LI+CPe3avdfKA8XK6lJ1ao2wC2CA9oqrBWvtWVyS0c6oC0loC1qAtoUFCBbUwAtWQH7hbL0rE1x6aya+tKhLInpUJsqixPn7vPNj9ub5eJ2ufjw89viHg==&a=TZNRjsMgEEPvst/5AE8g4Syrvf81+iZ40pUqjWUxz6alv79/R35++j2Ofs+j/xxbr9saby1rvPur1bo13mpb51z2mWqndXKuV6uZg6deuzB77S7ObD9nZakJHV/d6froeLOSLWlr2JLPw1Yvn115F4a076tOt757Plq7Z3rqdYae4T7kKMwhR3IHpsIcchTeVTLLR4f5eDp9X7q8uUH/ykp9+i5kKvbvlVNnnYdTWbA1fF/YOs1h6iyf/sP9YWuYCU/DfZga3mVq+o6wNdyHqeldeJruAE/D92XqMnMmxx1SX2biaZrJ1GUmmbrMmckvH305i0xNfw9M3eaTqdtMcnT5vkzlm340PYsPT37DunP3n17m4L182Mr3/ej7iHqr/BdeDjrq3S7uWBx0NPdZdFtfHc198Iqf7ODdb527m5OMaHVmenf/ufPz9wE=",
"274","public","掛け算リンク","2","locker","https://opt-pan.github.io/penpa-edit/#m=solve&p=zZTPbtQ+EMfveYqVzz4kcTbd9QWVsnApy7+iqoqiKrtN26jJungTWmXVSkvvSJwQ4thDpZ8EHLjyNpHK78YrdDxZkXUcDhxAKMpo/Ik9M3b8nfmrIpIxdWw6pGxAberA4zkDGNjUZz6+9urZSfI05r3btx+r5bvvn99XV/9VV1+rN1/oZpEfC8l7qZiexJJS+mRMD6N0HlvBanFoBYQRShx4XRJelqPLQA1YaC3K53xR7vMgvKDly8YdNO4LvgA75gviDAeEB8Qj1FfBQojm9g0ybBPmtInHDGLE6XuK3FsnG8Yco56+kd03yIaRfdCOzBwka9mZi6s00q6ZMdsgRhzWrod5uNOfBA7bwSPfQ/sQrYt2B/4ILRnaB2httH202zhnhHYX7RZaD62PczbUP7WsgNW3TX/6/zZT13h0cBT3xkJmUUrg9pK5SPfnhTyMpjHheOspslmRTWKpoVSI0zSZ6fOSo5mQcecnBWNIR3guC236RMgDFbzhZ1GaaotrbWtomshpqqNcJto4klKcaSSL8mMNTKIcGsH8ODnVI8WzXC8gj/TtRydRK1vW7PjCIucE38Clrk9dOOxFOeTlJi0fweVc6x60fAa94TEvx6o1BITAj1F3DzuKC+6ocXfxu/K2aujY4I9r3wd3D9z6XPa360BPeVDuUKLy3MfVyiWZeA2l4jIcT0U2gc0EZO046i/z4kCcFKu5jhLTZl3uqKNc1pSr3Lpc5XWUq3bxh8sdhhf1j7B/qy//hYZxvpKakJ1qA9whOKCdwlrxWls6N3SkEppSAtqhJqBtQQEyNQXQkBWwXyhLRW2LS1XV1pdKZUhMpVpXWRBat5+u/7+5rpY31fLDj2/LOw==&a=PZRdDsMwDILvsuc+NDi/Z5l2/2vsc0MqVQJ5BEhV7/v9Xfl8yppXWesqn+vhKjJfl+774Ym6i3mBb02iSt+8MPfZh6uZd+bDfFwK+/C75LOgZA0o0enh9NHulqgam+OhcBaoOPOAV/MKdwdQ1T6RPr5X8uazzFTdDVS1P/jm1vRx5+TNnsxU3R9UdX/wzSVH3ZpGt+Zuybv1zNTsD2q4Z8OzHQ18uCczDfeki7r1oLo1oLo1oLrvAmq4D700jx7PefR4ng7Jp8+Sr+n+5Gu680hPv//k0/7MNI6eO46jzztaQ76WNeRrWUOm1tFw1t9qZsb5PsnR9PsBNY+GzssaUMt3BON2FplxW09mlKMf8KNf8H33zIyy7xjsQngXHl62Z87CexF3oDl6uHchZ6dD5ofsT37IevLDexTs1tshuXcnu7y5ZEbs/pkTZb+TxPC+ZM7rj/frw7nwbiZu/f6TyOf3Bw==",
"275","public","掛け算リンク","2","locker","https://opt-pan.github.io/penpa-edit/#m=solve&p=vZTBb9M+FMfv+Ssqn31InLZrfUFlFC6j/ICiabKiKm2zLWpSDydhU6pOKrsj/U4IcdxhEhJw4Mp/E2lw41/Ys1OUOg4HDkNRvn3+5Nl+efG3yevMFwHewz3s9rCNHbhcu43dNsEugV+47e01DtMooK3bdx+Lzf8/vrwvrj4VV9+Kt1/xIEtPuaCtiM8WgcAYPxvhYz9KAottJ3sWQy7CyIGbIO8yH14yOXA9a5W/oKt8Qpm3xvmrKuxV4Uu6Ah3RFXLabUQZLIG7cjEPpGPXSc8kjkGIQXqSPNghfbeWQ+z6LGKbOfUKiWPkECOHdAzSrRO3r1UILXFUY46UPlZKlI6hbzh3lT5SaivtKD1QOUOlh0r3lbaVdlXOnuy8ZTH4/vJM/L469z2SB2U4PwlaIy5iP0JwPlDCo0mSiWN/FiCqzhVWbJnF00BoKOL8LAqXel54suQiaHwkYQDbIZqKTEufcjGXi1f83I8ibXJpHg3NQjGLdJSKUBv7QvBzjcR+eqqBqZ+C1ZLT8ExfKVimegGpr7++v/Bru8XVG68tdIHUzQgmXUyg2au8T/MBzp/AwdrxJ86fg/ue0nwkzccQgg8jz43yLIFwWIWH6rmM9kvo2BCPyrgL4RGEZV8mB+VC/1GWjzGS+zxUs2WIYv4GSlXT1HjG4ym8DEM77SifJNmcL7JtriONMCjLHTaU61blyrAsV0YN5cq3uOdy+966/BD2X/3z/QOzX2ytxkWj2wA3GA5oo7G2vPSWzg0fyQ1NKwFtcBPQuqEAmZ4CaNgK2B+cJVetm0tWVfeX3MqwmNxq12XMs24/X/+8uS42N8Xmw6/vmzs=&a=TdNLDoJAEIThu7hmQRfzPIvx/tewiq5WEpL+g/DNZIjv9+fQ9YrWjmj9iNeR3as5+3BztvnvXs3ZlpuzbTfnOLM7Z49/j2rOATfXGl5La5bfaXab6lHNOe1rnWlT9rQpe15umsOm5vSex8NUT7fsZVN2mfIWz+huPr/qec7t/azHu+pdTWN5P+pd/TDXw1RvN22cdujh9H5kbL+ruf3tOHH6PGkgcm84/87dUQ3ez/1oItLE2Xg/zbujmn6kr3UQebZaB7BJG5H71ETY5wTscx3AJm3AJm2gzMnO7yUbl03QhE31Vf3waf9MerjKWew8W3m/d/l73s8/h67PFw==",
"276","public","掛け算リンク","2","fkfk","https://opt-pan.github.io/penpa-edit/#m=solve&p=vZTNbtNAEMfvfopoz3uIP+q2e0GhBC4lfAVVlWVFm9RprdjZsrZp5SiVQu9InBDi2EMlJODAlbexVLjxCp2dTeVsYg4ggVY7Gv+8OzO7nr+zVwWXEfVhuDu0TW0Yju/jtD0PZ3s5+nGeRKx18/ZjtXj348v76vJTdfmtevOVdor8REjWGk/GE0rpkx4d8ySLrGC5NbQC4hJKbJgOCS/K7kWgHtzQmpXP2awcsCCc0/Jl7e7U7gs2A9tjM2LbDmEYylfBQjAuknurZFsRf4V43jrZshVxVoiPu7w7AgltTHuI9iFaB20fqqKli/YB2jbaLbT7uKaL9gDtHloPrY9rttW5LCtwHLxvPbb+3lfX2z06jlo9IVOeELhVkolkkBVyzEcRYfg1KLJpkQ4jaaBEiNMknprr4uOpkFHjKwUjSEdYLgtj+VDIIxW85mc8SYzNuuEMNIrlKDFRLmPjmUspzgyS8vzEAEOeQ3tmJ/GpGSma5mYBOTePzyd8LVtan3hukXOCM3BAFNSBy56Vu6zs0PKRbsW7rqblM+jZx6zsqZYNCIEPo/oBO90Bt1u7B/heeXsa2m3we9r3wT0EV9/LYF8HesqCsk+JynMfdyuXpOI1lIrb8Hkk0iEcJiAr16HfZMWRmBTLtbZq8I4ut9tQrluXq1xdrvIaylWn+Mfl7oZz/SHaf/S/+A8iPl9KTchGtQFuEBzQRmEtudaWyTd0pBJuSglog5qArgsK0KamAG7ICthvlKWirotLVbWuL5VqQ2Iq1arKgtC6+Xz18/qqWlxXiw+/vi9uAQ==&a=RZHbCcUwDEN36Xd+HOcxTOn+a1QnlSk0SAjr2Jd730/juyJ6i8gWV/t81zteWQx7aUx7aS+/lO/fd73jlXXnPX4mPvWOF7+bj0/fQJaVs8tMeGkmjDQTHeXFGObASN+JpjlocehNd+lNd4e6w1389D1kwxx0FEc67aduKyZ++ffCXubDW2bSW+4yuz3PbM0s7V3ei9++jay69Lb3otu70G0Oerrfn8/3vA=="